"";"ProjectId";"Date";"ModuleLevel";"Correlation"
"1";1;"2013-01-08";2;-0,335878900887636
"2";1;"2013-05-22";2;-0,58573511852713
"3";1;"2013-05-23";2;-0,58573511852713
"4";1;"2013-05-24";2;-0,537232314813842
"5";1;"2013-05-25";2;-0,58573511852713
"6";1;"2013-05-26";2;-0,573323303088786
"7";1;"2013-05-29";2;-0,58573511852713
"8";1;"2013-05-30";2;-0,573323303088786
"9";1;"2013-05-31";2;-0,58573511852713
"10";1;"2013-06-02";2;-0,537232314813842
"11";1;"2013-06-03";2;-0,58573511852713
"12";1;"2013-06-05";2;-0,58573511852713
"13";1;"2013-06-19";2;-0,58573511852713
"14";1;"2013-06-21";2;-0,58573511852713
"15";1;"2013-06-27";2;-0,573323303088786
"16";1;"2013-06-28";2;-0,58573511852713
"17";1;"2013-07-01";2;-0,58573511852713
"18";1;"2013-07-02";2;-0,537232314813842
"19";1;"2013-07-03";2;-0,573323303088786
"20";1;"2013-07-04";2;-0,573323303088786
"21";1;"2013-07-08";2;-0,583698395558981
"22";1;"2013-07-10";2;-0,573323303088786
"23";1;"2013-07-11";2;-0,583698395558981
"24";1;"2013-07-19";2;-0,537232314813842
"25";1;"2013-07-22";2;-0,537232314813842
"26";1;"2013-07-24";2;-0,583698395558981
"27";1;"2013-07-25";2;-0,573323303088786
"28";1;"2013-08-02";2;-0,583698395558981
"29";1;"2013-08-04";2;-0,583698395558981
"30";1;"2013-08-07";2;-0,583698395558981
"31";1;"2013-08-08";2;-0,583698395558981
"32";1;"2013-08-10";2;-0,573323303088786
"33";1;"2013-08-12";2;-0,583698395558981
"34";1;"2013-08-15";2;-0,50536916733581
"35";1;"2013-08-16";2;-0,372090593120454
"36";1;"2013-08-19";2;-0,371766826933844
"37";1;"2013-08-20";2;-0,535491142507782
"38";1;"2013-08-21";2;-0,54986256998592
"39";1;"2013-08-24";2;-0,54986256998592
"40";1;"2013-08-26";2;-0,527476235632324
"41";1;"2013-08-27";2;-0,495357404581283
"42";1;"2013-08-28";2;-0,527476235632324
"43";1;"2013-08-29";2;-0,555460816428628
"44";1;"2013-08-30";2;-0,555460816428628
"45";1;"2013-09-03";2;-0,531211855167316
"46";1;"2013-09-05";2;-0,495357404581283
"47";1;"2013-09-06";2;-0,368256281423638
"48";1;"2013-01-08";3;-0,139360252430486
"49";1;"2013-05-22";3;-0,391668288549033
"50";1;"2013-05-23";3;-0,391668288549033
"51";1;"2013-05-24";3;-0,37840565874638
"52";1;"2013-05-25";3;-0,391668288549033
"53";1;"2013-05-26";3;-0,385528904181986
"54";1;"2013-05-29";3;-0,391668288549033
"55";1;"2013-05-30";3;-0,385528904181986
"56";1;"2013-05-31";3;-0,391668288549033
"57";1;"2013-06-02";3;-0,37840565874638
"58";1;"2013-06-03";3;-0,391668288549033
"59";1;"2013-06-05";3;-0,391668288549033
"60";1;"2013-06-19";3;-0,391668288549033
"61";1;"2013-06-21";3;-0,391668288549033
"62";1;"2013-06-27";3;-0,385528904181986
"63";1;"2013-06-28";3;-0,391668288549033
"64";1;"2013-07-01";3;-0,391668288549033
"65";1;"2013-07-02";3;-0,37840565874638
"66";1;"2013-07-03";3;-0,385528904181986
"67";1;"2013-07-04";3;-0,385528904181986
"68";1;"2013-07-08";3;-0,391668288549033
"69";1;"2013-07-10";3;-0,385528904181986
"70";1;"2013-07-11";3;-0,391668288549033
"71";1;"2013-07-19";3;-0,37840565874638
"72";1;"2013-07-22";3;-0,37840565874638
"73";1;"2013-07-24";3;-0,391668288549033
"74";1;"2013-07-25";3;-0,385528904181986
"75";1;"2013-08-02";3;-0,391668288549033
"76";1;"2013-08-04";3;-0,391668288549033
"77";1;"2013-08-07";3;-0,391668288549033
"78";1;"2013-08-08";3;-0,391668288549033
"79";1;"2013-08-10";3;-0,385528904181986
"80";1;"2013-08-12";3;-0,391668288549033
"81";1;"2013-08-15";3;-0,303004005205089
"82";1;"2013-08-16";3;-0,225513385168312
"83";1;"2013-08-19";3;-0,224755447242025
"84";1;"2013-08-20";3;-0,310686036875866
"85";1;"2013-08-21";3;-0,340897422144011
"86";1;"2013-08-24";3;-0,340897422144011
"87";1;"2013-08-26";3;-0,303757721357075
"88";1;"2013-08-27";3;-0,285579925520289
"89";1;"2013-08-28";3;-0,304718828048555
"90";1;"2013-08-29";3;-0,358452863369058
"91";1;"2013-08-30";3;-0,358452863369058
"92";1;"2013-09-03";3;-0,307421199458484
"93";1;"2013-09-05";3;-0,285325505563139
"94";1;"2013-09-06";3;-0,223194294856329
"95";1;"2013-01-08";4;-0,16150330644926
"96";1;"2013-05-22";4;-0,319126788957341
"97";1;"2013-05-23";4;-0,319126788957341
"98";1;"2013-05-24";4;-0,295837208617767
"99";1;"2013-05-25";4;-0,319126788957341
"100";1;"2013-05-26";4;-0,30731011906577
"101";1;"2013-05-29";4;-0,319126788957341
"102";1;"2013-05-30";4;-0,30731011906577
"103";1;"2013-05-31";4;-0,319126788957341
"104";1;"2013-06-02";4;-0,295837208617767
"105";1;"2013-06-03";4;-0,319126788957341
"106";1;"2013-06-05";4;-0,319126788957341
"107";1;"2013-06-19";4;-0,319126788957341
"108";1;"2013-06-21";4;-0,319126788957341
"109";1;"2013-06-27";4;-0,30731011906577
"110";1;"2013-06-28";4;-0,319126788957341
"111";1;"2013-07-01";4;-0,319126788957341
"112";1;"2013-07-02";4;-0,295837208617767
"113";1;"2013-07-03";4;-0,30731011906577
"114";1;"2013-07-04";4;-0,30731011906577
"115";1;"2013-07-08";4;-0,319126788957341
"116";1;"2013-07-10";4;-0,30731011906577
"117";1;"2013-07-11";4;-0,319126788957341
"118";1;"2013-07-19";4;-0,295837208617767
"119";1;"2013-07-22";4;-0,295837208617767
"120";1;"2013-07-24";4;-0,319126788957341
"121";1;"2013-07-25";4;-0,30731011906577
"122";1;"2013-08-02";4;-0,319126788957341
"123";1;"2013-08-04";4;-0,319126788957341
"124";1;"2013-08-07";4;-0,319126788957341
"125";1;"2013-08-08";4;-0,319126788957341
"126";1;"2013-08-10";4;-0,30731011906577
"127";1;"2013-08-12";4;-0,319126788957341
"128";1;"2013-08-15";4;-0,26942275128215
"129";1;"2013-08-16";4;-0,167250014140076
"130";1;"2013-08-19";4;-0,166436178854582
"131";1;"2013-08-20";4;-0,28050602958697
"132";1;"2013-08-21";4;-0,305229274511378
"133";1;"2013-08-24";4;-0,305229274511378
"134";1;"2013-08-26";4;-0,270930958513304
"135";1;"2013-08-27";4;-0,25164705075718
"136";1;"2013-08-28";4;-0,27147217822679
"137";1;"2013-08-29";4;-0,307874834018079
"138";1;"2013-08-30";4;-0,307874834018079
"139";1;"2013-09-03";4;-0,27147217822679
"140";1;"2013-09-05";4;-0,25164705075718
"141";1;"2013-09-06";4;-0,160238532048672
"142";4;"2013-10-16";2;0,444743248976048
"143";4;"2013-10-18";2;0,450183494758852
"144";4;"2013-10-19";2;0,444743248976048
"145";4;"2013-10-20";2;0,450183494758852
"146";4;"2013-10-21";2;0,450183494758852
"147";4;"2013-10-22";2;0,444743248976048
"148";4;"2013-10-23";2;0,444743248976048
"149";4;"2013-10-24";2;0,444743248976048
"150";4;"2013-10-25";2;0,450183494758852
"151";4;"2013-10-26";2;0,450183494758852
"152";4;"2013-10-27";2;0,543907812282058
"153";4;"2013-11-04";2;0,444743248976048
"154";4;"2013-11-05";2;0,450183494758852
"155";4;"2013-11-17";2;0,542485595957233
"156";4;"2013-11-18";2;0,450183494758852
"157";4;"2013-11-19";2;0,542485595957233
"158";4;"2013-11-27";2;0,450183494758852
"159";4;"2013-11-28";2;0,444743248976048
"160";4;"2013-12-02";2;0,444743248976048
"161";4;"2013-12-03";2;0,444743248976048
"162";4;"2013-12-05";2;0,444743248976048
"163";4;"2014-01-08";2;0,444743248976048
"164";4;"2014-01-09";2;0,444743248976048
"165";4;"2014-01-18";2;0,444743248976048
"166";4;"2014-01-22";2;0,444743248976048
"167";4;"2014-01-29";2;0,444743248976048
"168";4;"2014-01-30";2;0,444743248976048
"169";4;"2014-02-03";2;0,444743248976048
"170";4;"2014-03-25";2;0,444743248976048
"171";4;"2014-03-26";2;0,444743248976048
"172";4;"2014-04-10";2;0,444743248976048
"173";4;"2014-04-15";2;0,444743248976048
"174";4;"2014-04-18";2;0,444743248976048
"175";4;"2014-04-26";2;0,444743248976048
"176";4;"2014-04-27";2;0,444743248976048
"177";4;"2014-05-09";2;0,444743248976048
"178";4;"2014-05-13";2;0,444743248976048
"179";4;"2014-05-14";2;0,438622697589794
"180";4;"2015-07-28";2;-0,435545494990107
"181";4;"2015-07-29";2;0,0881944162134893
"182";4;"2015-07-30";2;0,0881944162134893
"183";4;"2015-07-31";2;0,0881944162134893
"184";4;"2015-08-01";2;0,0512052091830988
"185";4;"2015-08-02";2;0,0512052091830988
"186";4;"2015-08-17";2;-0,578778161531176
"187";4;"2015-08-19";2;-0,559412890555787
"188";4;"2015-09-01";2;-0,448293770691703
"189";4;"2013-10-16";3;0,213292270292044
"190";4;"2013-10-18";3;0,23932088950513
"191";4;"2013-10-19";3;0,213292270292044
"192";4;"2013-10-20";3;0,23932088950513
"193";4;"2013-10-21";3;0,23932088950513
"194";4;"2013-10-22";3;0,213292270292044
"195";4;"2013-10-23";3;0,213292270292044
"196";4;"2013-10-24";3;0,213292270292044
"197";4;"2013-10-25";3;0,23932088950513
"198";4;"2013-10-26";3;0,240605098256156
"199";4;"2013-10-27";3;0,302584920825206
"200";4;"2013-11-04";3;0,213292270292044
"201";4;"2013-11-05";3;0,23932088950513
"202";4;"2013-11-17";3;0,301714922903933
"203";4;"2013-11-18";3;0,240605098256156
"204";4;"2013-11-19";3;0,301714922903933
"205";4;"2013-11-27";3;0,23932088950513
"206";4;"2013-11-28";3;0,213292270292044
"207";4;"2013-12-02";3;0,213292270292044
"208";4;"2013-12-03";3;0,213292270292044
"209";4;"2013-12-05";3;0,213292270292044
"210";4;"2014-01-08";3;0,213292270292044
"211";4;"2014-01-09";3;0,213292270292044
"212";4;"2014-01-18";3;0,213292270292044
"213";4;"2014-01-22";3;0,213292270292044
"214";4;"2014-01-29";3;0,213292270292044
"215";4;"2014-01-30";3;0,213292270292044
"216";4;"2014-02-03";3;0,213292270292044
"217";4;"2014-03-25";3;0,213292270292044
"218";4;"2014-03-26";3;0,213292270292044
"219";4;"2014-04-10";3;0,213292270292044
"220";4;"2014-04-15";3;0,213292270292044
"221";4;"2014-04-18";3;0,213292270292044
"222";4;"2014-04-26";3;0,213292270292044
"223";4;"2014-04-27";3;0,213292270292044
"224";4;"2014-05-09";3;0,213292270292044
"225";4;"2014-05-13";3;0,213292270292044
"226";4;"2014-05-14";3;0,212189158960645
"227";4;"2015-07-28";3;-0,214806667515788
"228";4;"2015-07-29";3;0,0155726424561633
"229";4;"2015-07-30";3;0,0155726424561633
"230";4;"2015-07-31";3;0,0155726424561633
"231";4;"2015-08-01";3;0,0152297152646998
"232";4;"2015-08-02";3;0,0152297152646998
"233";4;"2015-08-17";3;-0,317059267358384
"234";4;"2015-08-19";3;-0,30715235624689
"235";4;"2015-09-01";3;-0,236257048331083
"236";4;"2013-10-16";4;0,190388092805657
"237";4;"2013-10-18";4;0,198126032015723
"238";4;"2013-10-19";4;0,190388092805657
"239";4;"2013-10-20";4;0,198126032015723
"240";4;"2013-10-21";4;0,198126032015723
"241";4;"2013-10-22";4;0,190388092805657
"242";4;"2013-10-23";4;0,190388092805657
"243";4;"2013-10-24";4;0,190388092805657
"244";4;"2013-10-25";4;0,198126032015723
"245";4;"2013-10-26";4;0,198256845812282
"246";4;"2013-10-27";4;0,238146754685966
"247";4;"2013-11-04";4;0,190388092805657
"248";4;"2013-11-05";4;0,198126032015723
"249";4;"2013-11-17";4;0,237136297668787
"250";4;"2013-11-18";4;0,198256845812282
"251";4;"2013-11-19";4;0,237136297668787
"252";4;"2013-11-27";4;0,198126032015723
"253";4;"2013-11-28";4;0,190388092805657
"254";4;"2013-12-02";4;0,190388092805657
"255";4;"2013-12-03";4;0,190388092805657
"256";4;"2013-12-05";4;0,190388092805657
"257";4;"2014-01-08";4;0,190388092805657
"258";4;"2014-01-09";4;0,190388092805657
"259";4;"2014-01-18";4;0,190388092805657
"260";4;"2014-01-22";4;0,190388092805657
"261";4;"2014-01-29";4;0,190388092805657
"262";4;"2014-01-30";4;0,190388092805657
"263";4;"2014-02-03";4;0,190388092805657
"264";4;"2014-03-25";4;0,190388092805657
"265";4;"2014-03-26";4;0,190388092805657
"266";4;"2014-04-10";4;0,190388092805657
"267";4;"2014-04-15";4;0,190388092805657
"268";4;"2014-04-18";4;0,190388092805657
"269";4;"2014-04-26";4;0,190388092805657
"270";4;"2014-04-27";4;0,190388092805657
"271";4;"2014-05-09";4;0,190388092805657
"272";4;"2014-05-13";4;0,190388092805657
"273";4;"2014-05-14";4;0,185580000896101
"274";4;"2015-07-28";4;-0,196957496623405
"275";4;"2015-07-29";4;0,0147273161719741
"276";4;"2015-07-30";4;0,0147273161719741
"277";4;"2015-07-31";4;0,0147273161719741
"278";4;"2015-08-01";4;0,00112006849739607
"279";4;"2015-08-02";4;0,00112006849739607
"280";4;"2015-08-17";4;-0,271082727292412
"281";4;"2015-08-19";4;-0,265631281275698
"282";4;"2015-09-01";4;-0,209410402105213
"283";6;"2015-12-02";2;0,487417079844125
"284";6;"2015-12-03";2;0,39942425139014
"285";6;"2015-12-04";2;0,39942425139014
"286";6;"2015-12-05";2;0,564204734891105
"287";6;"2015-12-06";2;0,504243013269976
"288";6;"2015-12-07";2;0,43330128136469
"289";6;"2015-12-08";2;0,589674686828942
"290";6;"2015-12-09";2;0,589674686828942
"291";6;"2015-12-10";2;0,504067015422067
"292";6;"2015-12-11";2;0,39942425139014
"293";6;"2015-12-13";2;0,422975448142806
"294";6;"2015-12-14";2;0,545029463887605
"295";6;"2015-12-15";2;0,557867501042993
"296";6;"2015-12-16";2;0,394932834680081
"297";6;"2015-12-17";2;0,526242469181553
"298";6;"2015-12-18";2;0,394745185907591
"299";6;"2015-12-21";2;0,355480703627927
"300";6;"2015-12-22";2;0,370667775017787
"301";6;"2015-12-23";2;0,394481103251966
"302";6;"2015-12-24";2;0,41539002117229
"303";6;"2015-12-25";2;0,417207382747509
"304";6;"2015-12-26";2;0,582891653345638
"305";6;"2015-12-29";2;0,396322557143137
"306";6;"2015-12-30";2;0,573245570146457
"307";6;"2016-01-02";2;0,583943345697939
"308";6;"2016-01-03";2;0,422600390820014
"309";6;"2016-01-04";2;0,554017016678327
"310";6;"2016-01-05";2;0,498383077043747
"311";6;"2016-01-06";2;0,557622526710024
"312";6;"2016-01-07";2;0,557017441561795
"313";6;"2016-01-08";2;0,562380710208696
"314";6;"2016-01-09";2;0,557017441561795
"315";6;"2016-01-11";2;0,456951832895001
"316";6;"2016-01-12";2;0,335702378290676
"317";6;"2016-01-13";2;0,484035065144573
"318";6;"2016-01-14";2;0,499604154043006
"319";6;"2016-01-15";2;0,433481366164489
"320";6;"2016-01-16";2;0,425532683268527
"321";6;"2016-01-17";2;0,417202010016759
"322";6;"2016-01-18";2;0,374809298297647
"323";6;"2016-01-19";2;0,475119572196998
"324";6;"2016-01-20";2;0,444656719924647
"325";6;"2016-01-21";2;0,444473064344721
"326";6;"2016-01-22";2;0,474268875413026
"327";6;"2016-01-24";2;0,503261019533356
"328";6;"2016-01-25";2;0,475399105192218
"329";6;"2016-01-26";2;0,444473064344721
"330";6;"2016-01-27";2;0,479031358477634
"331";6;"2016-01-28";2;0,444473064344721
"332";6;"2016-01-29";2;0,470285507560709
"333";6;"2016-01-30";2;0,49319374624953
"334";6;"2016-02-01";2;0,443935175816184
"335";6;"2016-02-02";2;0,416493782810446
"336";6;"2016-02-03";2;0,378388555215843
"337";6;"2016-02-04";2;0,500733889077645
"338";6;"2016-02-05";2;0,481685438350199
"339";6;"2016-02-06";2;0,500733889077645
"340";6;"2016-02-08";2;0,341261247610209
"341";6;"2016-02-09";2;0,341261247610209
"342";6;"2016-02-10";2;0,492080647697943
"343";6;"2016-02-11";2;0,374883635795183
"344";6;"2016-02-12";2;0,342438452972566
"345";6;"2016-02-13";2;0,342313061093537
"346";6;"2016-02-15";2;0,508579471343784
"347";6;"2016-02-16";2;0,420360058881727
"348";6;"2016-02-17";2;0,447220537730487
"349";6;"2016-02-18";2;0,344126037813652
"350";6;"2016-02-19";2;0,321941663451392
"351";6;"2016-02-21";2;0,374680975142744
"352";6;"2016-02-22";2;0,322035188365761
"353";6;"2016-02-23";2;0,509287755850394
"354";6;"2016-02-24";2;0,477456959689131
"355";6;"2016-02-25";2;0,477188776410286
"356";6;"2016-02-26";2;0,325860636560091
"357";6;"2016-02-27";2;0,422652811092183
"358";6;"2016-02-28";2;0,483039831590047
"359";6;"2016-02-29";2;0,423516295765548
"360";6;"2016-03-01";2;0,423670877616095
"361";6;"2016-03-02";2;0,424038937823344
"362";6;"2016-03-03";2;0,483664880880005
"363";6;"2016-03-04";2;0,33142690867794
"364";6;"2016-03-05";2;0,444897700788635
"365";6;"2016-03-06";2;0,484149471434801
"366";6;"2016-03-07";2;0,431666252089479
"367";6;"2016-03-08";2;0,332947933710518
"368";6;"2016-03-09";2;0,333452369320731
"369";6;"2016-03-10";2;0,476011540781837
"370";6;"2016-03-11";2;0,33304375487237
"371";6;"2016-03-13";2;0,430648247651447
"372";6;"2016-03-14";2;0,510320573786193
"373";6;"2016-03-15";2;0,45107756724413
"374";6;"2016-03-16";2;0,357564300636883
"375";6;"2016-03-17";2;0,35813947094528
"376";6;"2016-03-18";2;0,476011540781837
"377";6;"2016-03-19";2;0,479857517978788
"378";6;"2016-03-20";2;0,510320573786193
"379";6;"2016-03-21";2;0,357564300636883
"380";6;"2016-03-22";2;0,510320573786193
"381";6;"2016-03-23";2;0,334151392861644
"382";6;"2016-03-24";2;0,357966240158612
"383";6;"2016-03-25";2;0,326916481415122
"384";6;"2016-03-27";2;0,42926700727374
"385";6;"2016-03-28";2;0,473091196540961
"386";6;"2016-03-29";2;0,296300960860741
"387";6;"2016-03-30";2;0,313896028200938
"388";6;"2016-03-31";2;0,426967092700899
"389";6;"2016-04-01";2;0,344685218688495
"390";6;"2016-04-02";2;0,323418630419449
"391";6;"2016-04-04";2;0,427967995781163
"392";6;"2016-04-05";2;0,307108987069585
"393";6;"2016-04-06";2;0,346330943071508
"394";6;"2016-04-07";2;0,301157686485591
"395";6;"2016-04-08";2;0,301157686485591
"396";6;"2016-04-09";2;0,5107457632249
"397";6;"2016-04-11";2;0,473602817145664
"398";6;"2016-04-13";2;0,345205639420426
"399";6;"2016-04-14";2;0,315625703181743
"400";6;"2016-04-15";2;0,479487411006621
"401";6;"2016-04-16";2;0,509989511190184
"402";6;"2016-04-18";2;0,346958786626855
"403";6;"2016-04-19";2;0,347732189633996
"404";6;"2016-04-20";2;0,308478689291405
"405";6;"2016-04-21";2;0,309288239530559
"406";6;"2016-04-22";2;0,315202912522089
"407";6;"2016-04-23";2;0,434090290007392
"408";6;"2016-04-24";2;0,354622858386699
"409";6;"2016-04-25";2;0,356761342905489
"410";6;"2016-04-26";2;0,335519879618734
"411";6;"2016-04-27";2;0,360493422854409
"412";6;"2016-04-28";2;0,320001836151855
"413";6;"2016-04-29";2;0,308032535072052
"414";6;"2016-04-30";2;0,440675638474137
"415";6;"2016-05-01";2;0,53871767600186
"416";6;"2016-05-02";2;0,316117815386877
"417";6;"2016-05-03";2;0,318903753532784
"418";6;"2016-05-04";2;0,336213446763577
"419";6;"2016-05-05";2;0,469552409605235
"420";6;"2016-05-06";2;0,5109698689199
"421";6;"2016-05-07";2;0,538360943222586
"422";6;"2016-05-09";2;0,358846053095076
"423";6;"2016-05-10";2;0,326316247607373
"424";6;"2016-05-11";2;0,301416984632399
"425";6;"2016-05-12";2;0,301416984632399
"426";6;"2016-05-13";2;0,328738306826303
"427";6;"2016-05-14";2;0,328000682168983
"428";6;"2016-05-15";2;0,528082496722343
"429";6;"2016-05-16";2;0,49941158557992
"430";6;"2016-05-17";2;0,327817120601519
"431";6;"2016-05-19";2;0,351329420059526
"432";6;"2016-05-20";2;0,319720868724361
"433";6;"2016-05-21";2;0,531221965151372
"434";6;"2016-05-22";2;0,351329420059526
"435";6;"2016-05-23";2;0,320435046919121
"436";6;"2016-05-24";2;0,354340812559973
"437";6;"2016-05-25";2;0,298612553945687
"438";6;"2016-05-26";2;0,298731785319007
"439";6;"2016-05-27";2;0,305843636423444
"440";6;"2016-05-28";2;0,518504906812369
"441";6;"2016-05-30";2;0,535616080852422
"442";6;"2016-05-31";2;0,332445556198309
"443";6;"2016-06-01";2;0,509005849019185
"444";6;"2016-06-02";2;0,495032449344272
"445";6;"2016-06-03";2;0,365939796211508
"446";6;"2016-06-04";2;0,519106704833113
"447";6;"2016-06-06";2;0,365939796211508
"448";6;"2016-06-07";2;0,365939796211508
"449";6;"2016-06-08";2;0,311749639777465
"450";6;"2016-06-09";2;0,372079290430922
"451";6;"2016-06-10";2;0,494342587156847
"452";6;"2016-06-11";2;0,519106704833113
"453";6;"2016-06-12";2;0,494342587156847
"454";6;"2016-06-13";2;0,396248018198641
"455";6;"2016-06-14";2;0,311881493042049
"456";6;"2016-06-15";2;0,342766768555188
"457";6;"2016-06-16";2;0,500764197032968
"458";6;"2016-06-17";2;0,441345889036208
"459";6;"2016-06-19";2;0,342766768555188
"460";6;"2016-06-20";2;0,441481743551801
"461";6;"2016-06-21";2;0,529458649518397
"462";6;"2016-06-22";2;0,372079290430922
"463";6;"2016-06-23";2;0,498472733600189
"464";6;"2016-06-24";2;0,605167140488777
"465";6;"2016-06-26";2;0,498472733600189
"466";6;"2016-06-27";2;0,498337829527897
"467";6;"2016-06-29";2;0,56356777061261
"468";6;"2016-06-30";2;0,366932379611425
"469";6;"2016-07-01";2;0,626441478639161
"470";6;"2016-07-02";2;0,498797470659469
"471";6;"2016-07-04";2;0,565194696636072
"472";6;"2016-07-05";2;0,358811655694863
"473";6;"2016-07-06";2;0,398110424642121
"474";6;"2016-07-07";2;0,398110424642121
"475";6;"2016-07-08";2;0,538023208566845
"476";6;"2016-07-09";2;0,574073968104533
"477";6;"2016-07-12";2;0,429281698864109
"478";6;"2016-07-13";2;0,367153425524176
"479";6;"2016-07-14";2;0,420884649300125
"480";6;"2016-07-16";2;0,564235233527791
"481";6;"2016-07-18";2;0,622008699556078
"482";6;"2016-07-19";2;0,420533183373067
"483";6;"2016-07-20";2;0,59951306536068
"484";6;"2016-07-21";2;0,389828085676759
"485";6;"2016-07-22";2;0,495920736609764
"486";6;"2016-07-23";2;0,497144772727887
"487";6;"2016-07-24";2;0,624532847227102
"488";6;"2016-07-25";2;0,358060245196016
"489";6;"2016-07-26";2;0,41894561610472
"490";6;"2016-07-27";2;0,624442573355663
"491";6;"2016-07-28";2;0,624442573355663
"492";6;"2016-07-29";2;0,374936318332825
"493";6;"2016-07-31";2;0,60706194773421
"494";6;"2016-08-01";2;0,547295211034046
"495";6;"2016-08-02";2;0,512444592035703
"496";6;"2016-08-03";2;0,426827675455322
"497";6;"2016-08-04";2;0,60706194773421
"498";6;"2016-08-05";2;0,377483739128534
"499";6;"2016-08-06";2;0,60706194773421
"500";6;"2016-08-08";2;0,547295211034046
"501";6;"2016-08-09";2;0,37691077793019
"502";6;"2016-08-10";2;0,410345456358435
"503";6;"2016-08-11";2;0,415552376415379
"504";6;"2016-08-12";2;0,415531182542216
"505";6;"2016-08-13";2;0,413528888214377
"506";6;"2016-08-14";2;0,487694598116292
"507";6;"2016-08-15";2;0,487694598116292
"508";6;"2016-08-16";2;0,618886787267256
"509";6;"2016-08-17";2;0,597614425640174
"510";6;"2016-08-18";2;0,413528888214377
"511";6;"2016-08-19";2;0,548073264410709
"512";6;"2016-08-20";2;0,619200929131305
"513";6;"2016-08-22";2;0,619200929131305
"514";6;"2016-08-23";2;0,554616404728972
"515";6;"2016-08-24";2;0,554616404728972
"516";6;"2016-08-25";2;0,351649088648334
"517";6;"2016-08-26";2;0,382128387395738
"518";6;"2016-08-27";2;0,487984799055121
"519";6;"2016-08-28";2;0,352582310257398
"520";6;"2016-08-29";2;0,382128387395738
"521";6;"2016-08-30";2;0,382128387395738
"522";6;"2016-08-31";2;0,413147459801002
"523";6;"2016-09-01";2;0,412817715283882
"524";6;"2016-09-02";2;0,351493486341339
"525";6;"2016-09-03";2;0,382685682410997
"526";6;"2016-09-06";2;0,351549181436955
"527";6;"2016-09-07";2;0,619200929131305
"528";6;"2016-09-08";2;0,382616798059701
"529";6;"2016-09-09";2;0,619986392157329
"530";6;"2016-09-10";2;0,553432284263975
"531";6;"2016-09-12";2;0,554507327625533
"532";6;"2016-09-13";2;0,350409515913503
"533";6;"2016-09-14";2;0,382402092526472
"534";6;"2016-09-15";2;0,553432284263975
"535";6;"2016-09-16";2;0,620621685371555
"536";6;"2016-09-17";2;0,620621685371555
"537";6;"2016-09-19";2;0,382402092526472
"538";6;"2016-09-20";2;0,595348522306722
"539";6;"2016-09-21";2;0,493986648983277
"540";6;"2016-09-22";2;0,620621685371555
"541";6;"2016-09-25";2;0,620621685371555
"542";6;"2016-09-26";2;0,382390722582628
"543";6;"2016-09-27";2;0,382459463241552
"544";6;"2016-09-28";2;0,495072506569553
"545";6;"2016-09-29";2;0,495367926882733
"546";6;"2016-09-30";2;0,621472998943079
"547";6;"2016-10-01";2;0,621472998943079
"548";6;"2016-10-03";2;0,575116188937509
"549";6;"2016-10-04";2;0,360403534661696
"550";6;"2016-10-05";2;0,503065616262074
"551";6;"2016-10-06";2;0,441306237140965
"552";6;"2016-10-07";2;0,542671995727278
"553";6;"2016-10-10";2;0,612337485626064
"554";6;"2016-10-11";2;0,427399233050607
"555";6;"2016-10-12";2;0,427762154815067
"556";6;"2016-10-13";2;0,398506039236705
"557";6;"2016-10-14";2;0,42946303702399
"558";6;"2016-10-15";2;0,645885201460182
"559";6;"2016-10-17";2;0,57948009758856
"560";6;"2016-10-18";2;0,408019807346579
"561";6;"2016-10-19";2;0,621438749156477
"562";6;"2016-10-20";2;0,601614976113857
"563";6;"2016-10-21";2;0,368761114538121
"564";6;"2016-10-22";2;0,354764074599874
"565";6;"2016-10-23";2;0,369774006753362
"566";6;"2016-10-24";2;0,371855719931565
"567";6;"2016-10-25";2;0,400064920651069
"568";6;"2016-10-26";2;0,372955838256411
"569";6;"2016-10-27";2;0,37331866047104
"570";6;"2016-10-28";2;0,37331866047104
"571";6;"2016-10-29";2;0,429080021885107
"572";6;"2016-10-30";2;0,451680808843922
"573";6;"2016-10-31";2;0,373421125464258
"574";6;"2016-11-01";2;0,543381871033203
"575";6;"2016-11-02";2;0,389899618127446
"576";6;"2016-11-03";2;0,497234436745644
"577";6;"2016-11-04";2;0,418609996128316
"578";6;"2016-11-05";2;0,389899618127446
"579";6;"2016-11-07";2;0,389971804297821
"580";6;"2016-11-08";2;0,361643110748288
"581";6;"2016-11-09";2;0,388828896967632
"582";6;"2016-11-10";2;0,418954351194522
"583";6;"2016-11-11";2;0,399244246926344
"584";6;"2016-11-12";2;0,643656107706735
"585";6;"2016-11-13";2;0,598735862872734
"586";6;"2016-11-14";2;0,399244246926344
"587";6;"2016-11-15";2;0,400454460100366
"588";6;"2016-11-16";2;0,373098796550295
"589";6;"2016-11-17";2;0,373691228877976
"590";6;"2016-11-18";2;0,359964351733685
"591";6;"2016-11-19";2;0,63463985991089
"592";6;"2016-11-20";2;0,494872484501941
"593";6;"2016-11-21";2;0,735834819214535
"594";6;"2016-11-22";2;0,38752546859177
"595";6;"2016-11-23";2;0,3605880909951
"596";6;"2016-11-24";2;0,388393581851129
"597";6;"2016-11-25";2;0,737409517500624
"598";6;"2016-11-27";2;0,581608553122217
"599";6;"2016-11-28";2;0,417611645600173
"600";6;"2016-11-29";2;0,417671828652681
"601";6;"2016-11-30";2;0,610625272153005
"602";6;"2016-12-01";2;0,3888542509182
"603";6;"2016-12-02";2;0,38864360797173
"604";6;"2016-12-03";2;0,38864360797173
"605";6;"2016-12-04";2;0,636297271634512
"606";6;"2016-12-05";2;0,636297271634512
"607";6;"2016-12-06";2;0,497041400299276
"608";6;"2016-12-07";2;0,360475922353324
"609";6;"2016-12-08";2;0,360378226381197
"610";6;"2016-12-09";2;0,41752244546
"611";6;"2016-12-10";2;0,636297271634512
"612";6;"2016-12-11";2;0,495681990847016
"613";6;"2016-12-12";2;0,388008649612014
"614";6;"2016-12-13";2;0,360446140661061
"615";6;"2016-12-14";2;0,360446140661061
"616";6;"2016-12-15";2;0,566593382248474
"617";6;"2016-12-16";2;0,36024902661016
"618";6;"2016-12-17";2;0,387418567020215
"619";6;"2016-12-19";2;0,327660793328929
"620";6;"2016-12-20";2;0,327577184123593
"621";6;"2016-12-21";2;0,341040417437902
"622";6;"2016-12-22";2;0,34105365459871
"623";6;"2016-12-24";2;0,563373926187475
"624";6;"2016-12-25";2;0,563373926187475
"625";6;"2016-12-27";2;0,583818899172848
"626";6;"2016-12-28";2;0,328015580509788
"627";6;"2016-12-29";2;0,340618533536241
"628";6;"2016-12-30";2;0,328015580509788
"629";6;"2017-01-01";2;0,563373926187475
"630";6;"2017-01-03";2;0,358839010608624
"631";6;"2017-01-04";2;0,358567439268689
"632";6;"2017-01-05";2;0,600757298122991
"633";6;"2017-01-06";2;0,358618809098729
"634";6;"2017-01-07";2;0,660688827076511
"635";6;"2017-01-08";2;0,49084396146707
"636";6;"2017-01-09";2;0,348536407447451
"637";6;"2017-01-10";2;0,359233922724435
"638";6;"2017-01-11";2;0,387099457980638
"639";6;"2017-01-12";2;0,358368467406709
"640";6;"2017-01-13";2;0,358724201738015
"641";6;"2017-01-14";2;0,55431886380189
"642";6;"2017-01-15";2;0,559712872737666
"643";6;"2017-01-16";2;0,609679836149491
"644";6;"2017-01-17";2;0,357911488789206
"645";6;"2017-01-18";2;0,610116257973685
"646";6;"2017-01-20";2;0,554981165876167
"647";6;"2017-01-21";2;0,412203117630304
"648";6;"2017-01-23";2;0,358266459708233
"649";6;"2017-01-24";2;0,385676291536084
"650";6;"2017-01-25";2;0,358927243662556
"651";6;"2017-01-26";2;0,412246954176275
"652";6;"2017-01-27";2;0,451386227808979
"653";6;"2017-01-28";2;0,560746760003445
"654";6;"2017-01-30";2;0,358927243662556
"655";6;"2017-01-31";2;0,34706719495302
"656";6;"2017-02-01";2;0,55810690800422
"657";6;"2017-02-02";2;0,344469745398392
"658";6;"2017-02-03";2;0,479783472781068
"659";6;"2017-02-04";2;0,607294419316903
"660";6;"2017-02-06";2;0,356143486058157
"661";6;"2017-02-07";2;0,34478709474143
"662";6;"2017-02-08";2;0,382570142062467
"663";6;"2017-02-09";2;0,355079125918748
"664";6;"2017-02-10";2;0,557054420206604
"665";6;"2017-02-11";2;0,607160201700862
"666";6;"2017-02-13";2;0,354438585690345
"667";6;"2017-02-14";2;0,373266487042184
"668";6;"2017-02-15";2;0,43594763786114
"669";6;"2017-02-16";2;0,319000175810505
"670";6;"2017-02-17";2;0,568533803142261
"671";6;"2017-02-19";2;0,39798174096196
"672";6;"2017-02-21";2;0,299141808024758
"673";6;"2017-02-22";2;0,271088592309454
"674";6;"2017-02-23";2;0,276050525480071
"675";6;"2017-02-24";2;0,291714028180598
"676";6;"2017-02-25";2;0,403568193592634
"677";6;"2017-02-27";2;0,346372173953901
"678";6;"2017-02-28";2;0,258072775314304
"679";6;"2017-03-01";2;0,25038315273819
"680";6;"2017-03-02";2;0,249551218504542
"681";6;"2017-03-03";2;0,249657791743332
"682";6;"2017-03-04";2;0,298930370186884
"683";6;"2017-03-06";2;0,182308591189931
"684";6;"2017-03-07";2;0,189724855967873
"685";6;"2017-03-08";2;0,295850770027285
"686";6;"2017-03-09";2;0,199981063684706
"687";6;"2017-03-10";2;0,295850770027285
"688";6;"2017-03-11";2;0,708492484736048
"689";6;"2017-03-12";2;0,242520920326104
"690";6;"2017-03-13";2;0,216027876910666
"691";6;"2017-03-14";2;0,21019270133808
"692";6;"2017-03-15";2;0,164291070678625
"693";6;"2017-03-16";2;0,154006317882818
"694";6;"2017-03-17";2;0,212573020101059
"695";6;"2017-03-19";2;0,212573020101059
"696";6;"2017-03-20";2;0,221478595324322
"697";6;"2017-03-21";2;0,213602364973848
"698";6;"2017-03-22";2;0,210977417815686
"699";6;"2017-03-23";2;0,202012809300714
"700";6;"2015-12-02";3;0,0810660541517195
"701";6;"2015-12-03";3;0,212598043741348
"702";6;"2015-12-04";3;0,212598043741348
"703";6;"2015-12-05";3;0,223685724894925
"704";6;"2015-12-06";3;0,213899771195412
"705";6;"2015-12-07";3;0,0641760665216326
"706";6;"2015-12-08";3;0,211047263748041
"707";6;"2015-12-09";3;0,211047263748041
"708";6;"2015-12-10";3;0,214347962680529
"709";6;"2015-12-11";3;0,212598043741348
"710";6;"2015-12-13";3;0,197949474372865
"711";6;"2015-12-14";3;0,214265927854849
"712";6;"2015-12-15";3;0,184788734003669
"713";6;"2015-12-16";3;0,211578177736717
"714";6;"2015-12-17";3;0,220707982872801
"715";6;"2015-12-18";3;0,212047546919229
"716";6;"2015-12-21";3;0,170979291731065
"717";6;"2015-12-22";3;0,191543288734045
"718";6;"2015-12-23";3;0,213516711263463
"719";6;"2015-12-24";3;0,197333979414891
"720";6;"2015-12-25";3;0,201551113661918
"721";6;"2015-12-26";3;0,224575931468473
"722";6;"2015-12-29";3;0,216512333755798
"723";6;"2015-12-30";3;0,20897127692741
"724";6;"2016-01-02";3;0,224311459630996
"725";6;"2016-01-03";3;0,0603311942537114
"726";6;"2016-01-04";3;0,222007650775563
"727";6;"2016-01-05";3;0,219826285121589
"728";6;"2016-01-06";3;0,227504978611816
"729";6;"2016-01-07";3;0,183293934172398
"730";6;"2016-01-08";3;0,191432817386665
"731";6;"2016-01-09";3;0,183293934172398
"732";6;"2016-01-11";3;0,199684060671465
"733";6;"2016-01-12";3;0,215988205286243
"734";6;"2016-01-13";3;0,160900051963708
"735";6;"2016-01-14";3;0,188274841916768
"736";6;"2016-01-15";3;0,163712854291545
"737";6;"2016-01-16";3;0,190991068589899
"738";6;"2016-01-17";3;0,189683966242802
"739";6;"2016-01-18";3;0,0531865220654475
"740";6;"2016-01-19";3;0,197668155138359
"741";6;"2016-01-20";3;0,195522956429332
"742";6;"2016-01-21";3;0,195471932655073
"743";6;"2016-01-22";3;0,158231404121028
"744";6;"2016-01-24";3;0,204550694146002
"745";6;"2016-01-25";3;0,197933708162856
"746";6;"2016-01-26";3;0,195388574428931
"747";6;"2016-01-27";3;0,165791573015923
"748";6;"2016-01-28";3;0,195388574428931
"749";6;"2016-01-29";3;0,193742293783825
"750";6;"2016-01-30";3;0,183392837106297
"751";6;"2016-02-01";3;0,194913274844444
"752";6;"2016-02-02";3;0,188622600169604
"753";6;"2016-02-03";3;0,0530596769762145
"754";6;"2016-02-04";3;0,184632345418454
"755";6;"2016-02-05";3;0,157717357949254
"756";6;"2016-02-06";3;0,184632345418454
"757";6;"2016-02-08";3;0,165442270387513
"758";6;"2016-02-09";3;0,165442270387513
"759";6;"2016-02-10";3;0,17897663665972
"760";6;"2016-02-11";3;0,0519402167038773
"761";6;"2016-02-12";3;0,165699063845085
"762";6;"2016-02-13";3;0,165081602675031
"763";6;"2016-02-15";3;0,201899079441561
"764";6;"2016-02-16";3;0,185363000976909
"765";6;"2016-02-17";3;0,192035792556753
"766";6;"2016-02-18";3;0,160279412443111
"767";6;"2016-02-19";3;0,177611795593146
"768";6;"2016-02-21";3;0,0518976250527211
"769";6;"2016-02-22";3;0,177264949536532
"770";6;"2016-02-23";3;0,202237809164142
"771";6;"2016-02-24";3;0,15721102030418
"772";6;"2016-02-25";3;0,195542956127772
"773";6;"2016-02-26";3;0,182946394725463
"774";6;"2016-02-27";3;0,189570277522091
"775";6;"2016-02-28";3;0,168673570284007
"776";6;"2016-02-29";3;0,190587991107415
"777";6;"2016-03-01";3;0,19063494310762
"778";6;"2016-03-02";3;0,19080600578078
"779";6;"2016-03-03";3;0,168945694927044
"780";6;"2016-03-04";3;0,215697695555469
"781";6;"2016-03-05";3;0,194319735090738
"782";6;"2016-03-06";3;0,17068061878769
"783";6;"2016-03-07";3;0,229857527992113
"784";6;"2016-03-08";3;0,225681904024612
"785";6;"2016-03-09";3;0,226005090792139
"786";6;"2016-03-10";3;0,19893562757265
"787";6;"2016-03-11";3;0,225488202344029
"788";6;"2016-03-13";3;0,229913721908946
"789";6;"2016-03-14";3;0,20551118408014
"790";6;"2016-03-15";3;0,200603710570418
"791";6;"2016-03-16";3;0,212978904394076
"792";6;"2016-03-17";3;0,213394288984756
"793";6;"2016-03-18";3;0,199200001340105
"794";6;"2016-03-19";3;0,20240835198797
"795";6;"2016-03-20";3;0,206177466314518
"796";6;"2016-03-21";3;0,213391658846248
"797";6;"2016-03-22";3;0,209920811016772
"798";6;"2016-03-23";3;0,230616832387001
"799";6;"2016-03-24";3;0,218729909338199
"800";6;"2016-03-25";3;0,231916250444771
"801";6;"2016-03-27";3;0,233622529447533
"802";6;"2016-03-28";3;0,201093576583185
"803";6;"2016-03-29";3;0,192051598967409
"804";6;"2016-03-30";3;0,211363263424897
"805";6;"2016-03-31";3;0,229233871165792
"806";6;"2016-04-01";3;0,218230121155375
"807";6;"2016-04-02";3;0,232941470425953
"808";6;"2016-04-04";3;0,241819485962637
"809";6;"2016-04-05";3;0,204428433575278
"810";6;"2016-04-06";3;0,222422368142431
"811";6;"2016-04-07";3;0,180331980074559
"812";6;"2016-04-08";3;0,180331123839685
"813";6;"2016-04-09";3;0,209996168102882
"814";6;"2016-04-11";3;0,198621532153357
"815";6;"2016-04-13";3;0,221675700560626
"816";6;"2016-04-14";3;0,206521941936209
"817";6;"2016-04-15";3;0,172540727165541
"818";6;"2016-04-16";3;0,211014280238185
"819";6;"2016-04-18";3;0,222367200792384
"820";6;"2016-04-19";3;0,219757742406008
"821";6;"2016-04-20";3;0,184198625141499
"822";6;"2016-04-21";3;0,185969660068786
"823";6;"2016-04-22";3;0,191245503427491
"824";6;"2016-04-23";3;0,248441951137353
"825";6;"2016-04-24";3;0,229909561936257
"826";6;"2016-04-25";3;0,233774887419705
"827";6;"2016-04-26";3;0,228575277362519
"828";6;"2016-04-27";3;0,241667154111071
"829";6;"2016-04-28";3;0,20187836487004
"830";6;"2016-04-29";3;0,202653732634062
"831";6;"2016-04-30";3;0,228788030512906
"832";6;"2016-05-01";3;0,295796319176264
"833";6;"2016-05-02";3;0,201805500859642
"834";6;"2016-05-03";3;0,201965474071585
"835";6;"2016-05-04";3;0,22511148203789
"836";6;"2016-05-05";3;0,235077568631688
"837";6;"2016-05-06";3;0,259039487244999
"838";6;"2016-05-07";3;0,293008841842015
"839";6;"2016-05-09";3;0,203378809656049
"840";6;"2016-05-10";3;0,184908853592638
"841";6;"2016-05-11";3;0,158212014604254
"842";6;"2016-05-12";3;0,158212014604254
"843";6;"2016-05-13";3;0,184700842904351
"844";6;"2016-05-14";3;0,182874476551437
"845";6;"2016-05-15";3;0,283223910327374
"846";6;"2016-05-16";3;0,242264404449803
"847";6;"2016-05-17";3;0,182982577795053
"848";6;"2016-05-19";3;0,196032112892129
"849";6;"2016-05-20";3;0,176021410947329
"850";6;"2016-05-21";3;0,292028990203595
"851";6;"2016-05-22";3;0,196032112892129
"852";6;"2016-05-23";3;0,176560774265728
"853";6;"2016-05-24";3;0,197009968868904
"854";6;"2016-05-25";3;0,154472041165508
"855";6;"2016-05-26";3;0,154960975253584
"856";6;"2016-05-27";3;0,159677403069472
"857";6;"2016-05-28";3;0,271258440962328
"858";6;"2016-05-30";3;0,302470184962308
"859";6;"2016-05-31";3;0,189738770942458
"860";6;"2016-06-01";3;0,259456520005311
"861";6;"2016-06-02";3;0,2458558809264
"862";6;"2016-06-03";3;0,208046584091441
"863";6;"2016-06-04";3;0,262778372101414
"864";6;"2016-06-06";3;0,203355030634987
"865";6;"2016-06-07";3;0,203355030634987
"866";6;"2016-06-08";3;0,159679408623477
"867";6;"2016-06-09";3;0,208752088182349
"868";6;"2016-06-10";3;0,236809034205202
"869";6;"2016-06-11";3;0,260918611343047
"870";6;"2016-06-12";3;0,236809034205202
"871";6;"2016-06-13";3;0,109945399104359
"872";6;"2016-06-14";3;0,15985901406592
"873";6;"2016-06-15";3;0,191600035685561
"874";6;"2016-06-16";3;0,238397277937895
"875";6;"2016-06-17";3;0,222974454902341
"876";6;"2016-06-19";3;0,192419063779527
"877";6;"2016-06-20";3;0,223512631986764
"878";6;"2016-06-21";3;0,277862852001116
"879";6;"2016-06-22";3;0,210049572745708
"880";6;"2016-06-23";3;0,228243024905248
"881";6;"2016-06-24";3;0,311230711614305
"882";6;"2016-06-26";3;0,228243024905248
"883";6;"2016-06-27";3;0,228174527612131
"884";6;"2016-06-29";3;0,23997680293694
"885";6;"2016-06-30";3;0,158554567816176
"886";6;"2016-07-01";3;0,23158947471971
"887";6;"2016-07-02";3;0,220161926880704
"888";6;"2016-07-04";3;0,24310892668454
"889";6;"2016-07-05";3;0,160970819573949
"890";6;"2016-07-06";3;0,189841969380318
"891";6;"2016-07-07";3;0,189841969380318
"892";6;"2016-07-08";3;0,236911429088413
"893";6;"2016-07-09";3;0,252290827399097
"894";6;"2016-07-12";3;0,209554812394154
"895";6;"2016-07-13";3;0,157875561264539
"896";6;"2016-07-14";3;0,182971302423397
"897";6;"2016-07-16";3;0,225890744833693
"898";6;"2016-07-18";3;0,308970050162803
"899";6;"2016-07-19";3;0,183016373053234
"900";6;"2016-07-20";3;0,264918180971152
"901";6;"2016-07-21";3;0,160255762584387
"902";6;"2016-07-22";3;0,197071526643708
"903";6;"2016-07-23";3;0,196942434419064
"904";6;"2016-07-24";3;0,309627948789597
"905";6;"2016-07-25";3;0,128604759359008
"906";6;"2016-07-26";3;0,178400383247855
"907";6;"2016-07-27";3;0,308223109769521
"908";6;"2016-07-28";3;0,308223109769521
"909";6;"2016-07-29";3;0,142099060785582
"910";6;"2016-07-31";3;0,280394575906333
"911";6;"2016-08-01";3;0,201615073399379
"912";6;"2016-08-02";3;0,187290565887771
"913";6;"2016-08-03";3;0,102277282450289
"914";6;"2016-08-04";3;0,281335089826348
"915";6;"2016-08-05";3;0,143298543370323
"916";6;"2016-08-06";3;0,283171394761943
"917";6;"2016-08-08";3;0,203965130711361
"918";6;"2016-08-09";3;0,142810992334644
"919";6;"2016-08-10";3;0,164045235049743
"920";6;"2016-08-11";3;0,167600906273955
"921";6;"2016-08-12";3;0,16708869757684
"922";6;"2016-08-13";3;0,165734098326511
"923";6;"2016-08-14";3;0,180120632292271
"924";6;"2016-08-15";3;0,180120632292271
"925";6;"2016-08-16";3;0,297134767980205
"926";6;"2016-08-17";3;0,255566535738322
"927";6;"2016-08-18";3;0,165843029093827
"928";6;"2016-08-19";3;0,197784469547702
"929";6;"2016-08-20";3;0,297812460471573
"930";6;"2016-08-22";3;0,297812460471573
"931";6;"2016-08-23";3;0,205342024478675
"932";6;"2016-08-24";3;0,205342024478675
"933";6;"2016-08-25";3;0,116758304427006
"934";6;"2016-08-26";3;0,145344538517415
"935";6;"2016-08-27";3;0,182228840205627
"936";6;"2016-08-28";3;0,117109045977782
"937";6;"2016-08-29";3;0,145041430055344
"938";6;"2016-08-30";3;0,145041430055344
"939";6;"2016-08-31";3;0,163741196906854
"940";6;"2016-09-01";3;0,164393136470464
"941";6;"2016-09-02";3;0,115286676898523
"942";6;"2016-09-03";3;0,144391350963659
"943";6;"2016-09-06";3;0,115339691712376
"944";6;"2016-09-07";3;0,294271548539499
"945";6;"2016-09-08";3;0,1443296170158
"946";6;"2016-09-09";3;0,293258206707378
"947";6;"2016-09-10";3;0,203820978419332
"948";6;"2016-09-12";3;0,203820978419332
"949";6;"2016-09-13";3;0,114532472799701
"950";6;"2016-09-14";3;0,144386608533592
"951";6;"2016-09-15";3;0,203344785728545
"952";6;"2016-09-16";3;0,294346000360089
"953";6;"2016-09-17";3;0,294346000360089
"954";6;"2016-09-19";3;0,14497925578344
"955";6;"2016-09-20";3;0,245970007481503
"956";6;"2016-09-21";3;0,187173939470331
"957";6;"2016-09-22";3;0,294125661436006
"958";6;"2016-09-25";3;0,294125661436006
"959";6;"2016-09-26";3;0,146004087177546
"960";6;"2016-09-27";3;0,146066781710889
"961";6;"2016-09-28";3;0,188595260883981
"962";6;"2016-09-29";3;0,190801777671827
"963";6;"2016-09-30";3;0,299007133750066
"964";6;"2016-10-01";3;0,299007133750066
"965";6;"2016-10-03";3;0,22999107566044
"966";6;"2016-10-04";3;0,134503565208329
"967";6;"2016-10-05";3;0,206699597303252
"968";6;"2016-10-06";3;0,11896925435754
"969";6;"2016-10-07";3;0,234576456352804
"970";6;"2016-10-10";3;0,28798559840651
"971";6;"2016-10-11";3;0,202429663614168
"972";6;"2016-10-12";3;0,202598143538876
"973";6;"2016-10-13";3;0,18271800330992
"974";6;"2016-10-14";3;0,20352100189264
"975";6;"2016-10-15";3;0,359907401416243
"976";6;"2016-10-17";3;0,264553862981895
"977";6;"2016-10-18";3;0,203714228873946
"978";6;"2016-10-19";3;0,314959140935221
"979";6;"2016-10-20";3;0,292795917444562
"980";6;"2016-10-21";3;0,145756405985732
"981";6;"2016-10-22";3;0,122101537999019
"982";6;"2016-10-23";3;0,156067339982075
"983";6;"2016-10-24";3;0,159439034719198
"984";6;"2016-10-25";3;0,204842649258052
"985";6;"2016-10-26";3;0,177816462534329
"986";6;"2016-10-27";3;0,179831900716657
"987";6;"2016-10-28";3;0,180024041936284
"988";6;"2016-10-29";3;0,225413931123364
"989";6;"2016-10-30";3;0,117200474361283
"990";6;"2016-10-31";3;0,190065140721028
"991";6;"2016-11-01";3;0,232460532237033
"992";6;"2016-11-02";3;0,179955830071847
"993";6;"2016-11-03";3;0,220470179799751
"994";6;"2016-11-04";3;0,197551286368126
"995";6;"2016-11-05";3;0,179955830071847
"996";6;"2016-11-07";3;0,180045004773924
"997";6;"2016-11-08";3;0,152587498508946
"998";6;"2016-11-09";3;0,178784156754242
"999";6;"2016-11-10";3;0,198542842178396
"1000";6;"2016-11-11";3;0,202641821627413
"1001";6;"2016-11-12";3;0,349394699715635
"1002";6;"2016-11-13";3;0,281801341207324
"1003";6;"2016-11-14";3;0,202641821627413
"1004";6;"2016-11-15";3;0,202533902957814
"1005";6;"2016-11-16";3;0,176116502404358
"1006";6;"2016-11-17";3;0,176116502404358
"1007";6;"2016-11-18";3;0,139377822170127
"1008";6;"2016-11-19";3;0,299574319251465
"1009";6;"2016-11-20";3;0,199880174699654
"1010";6;"2016-11-21";3;0,256012721072032
"1011";6;"2016-11-22";3;0,163508671047881
"1012";6;"2016-11-23";3;0,139643497047229
"1013";6;"2016-11-24";3;0,1635197670969
"1014";6;"2016-11-25";3;0,256734510415246
"1015";6;"2016-11-27";3;0,228563499967854
"1016";6;"2016-11-28";3;0,179318499019616
"1017";6;"2016-11-29";3;0,179328105279847
"1018";6;"2016-11-30";3;0,257756467100639
"1019";6;"2016-12-01";3;0,162338671072375
"1020";6;"2016-12-02";3;0,162952080314849
"1021";6;"2016-12-03";3;0,162952080314849
"1022";6;"2016-12-04";3;0,298840820344195
"1023";6;"2016-12-05";3;0,298840820344195
"1024";6;"2016-12-06";3;0,198740068168815
"1025";6;"2016-12-07";3;0,138546660431829
"1026";6;"2016-12-08";3;0,138571283614289
"1027";6;"2016-12-09";3;0,178271651409607
"1028";6;"2016-12-10";3;0,298593826194591
"1029";6;"2016-12-11";3;0,197823609385891
"1030";6;"2016-12-12";3;0,162495189987874
"1031";6;"2016-12-13";3;0,139152880669584
"1032";6;"2016-12-14";3;0,139152880669584
"1033";6;"2016-12-15";3;0,198097310959627
"1034";6;"2016-12-16";3;0,135738703689366
"1035";6;"2016-12-17";3;0,159913025090518
"1036";6;"2016-12-19";3;0,155333779932698
"1037";6;"2016-12-20";3;0,155254338038589
"1038";6;"2016-12-21";3;0,137278904411002
"1039";6;"2016-12-22";3;0,139388547943536
"1040";6;"2016-12-24";3;0,293593006886422
"1041";6;"2016-12-25";3;0,293593006886422
"1042";6;"2016-12-27";3;0,240994550323637
"1043";6;"2016-12-28";3;0,157271292883928
"1044";6;"2016-12-29";3;0,139036604384657
"1045";6;"2016-12-30";3;0,157271292883928
"1046";6;"2017-01-01";3;0,293593006886422
"1047";6;"2017-01-03";3;0,138699321490281
"1048";6;"2017-01-04";3;0,118942057968664
"1049";6;"2017-01-05";3;0,272205555582574
"1050";6;"2017-01-06";3;0,177646646509923
"1051";6;"2017-01-07";3;0,362966409257173
"1052";6;"2017-01-08";3;0,24561885463913
"1053";6;"2017-01-09";3;0,161725562699342
"1054";6;"2017-01-10";3;0,178767961871883
"1055";6;"2017-01-11";3;0,202985373745165
"1056";6;"2017-01-12";3;0,177122818019656
"1057";6;"2017-01-13";3;0,168866752934034
"1058";6;"2017-01-14";3;0,238775444042181
"1059";6;"2017-01-15";3;0,244479277597453
"1060";6;"2017-01-16";3;0,322435081700413
"1061";6;"2017-01-17";3;0,157606857078106
"1062";6;"2017-01-18";3;0,318661353936432
"1063";6;"2017-01-20";3;0,233514244614398
"1064";6;"2017-01-21";3;0,19518092046066
"1065";6;"2017-01-23";3;0,157902353324748
"1066";6;"2017-01-24";3;0,18202431026193
"1067";6;"2017-01-25";3;0,159274773080097
"1068";6;"2017-01-26";3;0,195452288428595
"1069";6;"2017-01-27";3;0,100427959813124
"1070";6;"2017-01-28";3;0,243018145318956
"1071";6;"2017-01-30";3;0,159548394593074
"1072";6;"2017-01-31";3;0,142156627474014
"1073";6;"2017-02-01";3;0,23143276551816
"1074";6;"2017-02-02";3;0,136206949316224
"1075";6;"2017-02-03";3;0,204334424184553
"1076";6;"2017-02-04";3;0,308364271280362
"1077";6;"2017-02-06";3;0,15095119935213
"1078";6;"2017-02-07";3;0,133515681942511
"1079";6;"2017-02-08";3;0,172991056112944
"1080";6;"2017-02-09";3;0,149397509297126
"1081";6;"2017-02-10";3;0,231528707999204
"1082";6;"2017-02-11";3;0,296808777856938
"1083";6;"2017-02-13";3;0,142172304073012
"1084";6;"2017-02-14";3;0,0894190902912128
"1085";6;"2017-02-15";3;0,106930756650917
"1086";6;"2017-02-16";3;0,078577649337511
"1087";6;"2017-02-17";3;0,158328667087144
"1088";6;"2017-02-19";3;0,108310447202153
"1089";6;"2017-02-21";3;0,0828112978876812
"1090";6;"2017-02-22";3;0,0612898115442497
"1091";6;"2017-02-23";3;0,107521810763105
"1092";6;"2017-02-24";3;0,118218385533377
"1093";6;"2017-02-25";3;0,147575864329458
"1094";6;"2017-02-27";3;0,130607782066141
"1095";6;"2017-02-28";3;0,101615739171244
"1096";6;"2017-03-01";3;0,0918426608023419
"1097";6;"2017-03-02";3;0,0848296231965966
"1098";6;"2017-03-03";3;0,0849785121065094
"1099";6;"2017-03-04";3;0,113195905878768
"1100";6;"2017-03-06";3;0,0679899556693121
"1101";6;"2017-03-07";3;0,061213142138889
"1102";6;"2017-03-08";3;0,174854094149643
"1103";6;"2017-03-09";3;0,0640685975654453
"1104";6;"2017-03-10";3;0,174854094149643
"1105";6;"2017-03-11";3;0,291392225163116
"1106";6;"2017-03-12";3;0,0894617215632988
"1107";6;"2017-03-13";3;0,0713299450233062
"1108";6;"2017-03-14";3;0,0663470538193624
"1109";6;"2017-03-15";3;0,0569069822939581
"1110";6;"2017-03-16";3;0,052953704112965
"1111";6;"2017-03-17";3;0,068158197346081
"1112";6;"2017-03-19";3;0,068158197346081
"1113";6;"2017-03-20";3;0,0751430239377882
"1114";6;"2017-03-21";3;0,0694567641041191
"1115";6;"2017-03-22";3;0,0676364383691419
"1116";6;"2017-03-23";3;0,0654051307563921
"1117";6;"2015-12-02";4;0,127628464176678
"1118";6;"2015-12-03";4;0,211332020334548
"1119";6;"2015-12-04";4;0,211332020334548
"1120";6;"2015-12-05";4;0,256022859423077
"1121";6;"2015-12-06";4;0,245619522086252
"1122";6;"2015-12-07";4;0,110296940051821
"1123";6;"2015-12-08";4;0,222273564728962
"1124";6;"2015-12-09";4;0,222273564728962
"1125";6;"2015-12-10";4;0,245567800332865
"1126";6;"2015-12-11";4;0,211332020334548
"1127";6;"2015-12-13";4;0,218456558763892
"1128";6;"2015-12-14";4;0,197598908051267
"1129";6;"2015-12-15";4;0,14295931252252
"1130";6;"2015-12-16";4;0,206268133641817
"1131";6;"2015-12-17";4;0,245911452188157
"1132";6;"2015-12-18";4;0,210009352979049
"1133";6;"2015-12-21";4;0,160063061079064
"1134";6;"2015-12-22";4;0,184207789167422
"1135";6;"2015-12-23";4;0,209187406164459
"1136";6;"2015-12-24";4;0,220294488703554
"1137";6;"2015-12-25";4;0,22282519663993
"1138";6;"2015-12-26";4;0,269576078194816
"1139";6;"2015-12-29";4;0,2157039501352
"1140";6;"2015-12-30";4;0,25020430957725
"1141";6;"2016-01-02";4;0,269220302771589
"1142";6;"2016-01-03";4;0,0901551397214778
"1143";6;"2016-01-04";4;0,219148869469708
"1144";6;"2016-01-05";4;0,249082723979146
"1145";6;"2016-01-06";4;0,259483952735845
"1146";6;"2016-01-07";4;0,220069936325831
"1147";6;"2016-01-08";4;0,226505991737437
"1148";6;"2016-01-09";4;0,220069936325831
"1149";6;"2016-01-11";4;0,232350277917431
"1150";6;"2016-01-12";4;0,204353345978592
"1151";6;"2016-01-13";4;0,201547911584573
"1152";6;"2016-01-14";4;0,233799774003089
"1153";6;"2016-01-15";4;0,14724976689489
"1154";6;"2016-01-16";4;0,222656956100149
"1155";6;"2016-01-17";4;0,22160561768072
"1156";6;"2016-01-18";4;0,0843200203578953
"1157";6;"2016-01-19";4;0,23351300840882
"1158";6;"2016-01-20";4;0,224991628750525
"1159";6;"2016-01-21";4;0,224991628750525
"1160";6;"2016-01-22";4;0,200133538003609
"1161";6;"2016-01-24";4;0,264389138953388
"1162";6;"2016-01-25";4;0,234050732087101
"1163";6;"2016-01-26";4;0,225158175534642
"1164";6;"2016-01-27";4;0,204536442811693
"1165";6;"2016-01-28";4;0,225158175534642
"1166";6;"2016-01-29";4;0,196586063737353
"1167";6;"2016-01-30";4;0,232137443558302
"1168";6;"2016-02-01";4;0,224649499013607
"1169";6;"2016-02-02";4;0,221365199127709
"1170";6;"2016-02-03";4;0,0844464052441458
"1171";6;"2016-02-04";4;0,232039562047074
"1172";6;"2016-02-05";4;0,19985865412556
"1173";6;"2016-02-06";4;0,232039562047074
"1174";6;"2016-02-08";4;0,176484125068654
"1175";6;"2016-02-09";4;0,177574832192372
"1176";6;"2016-02-10";4;0,208022651635068
"1177";6;"2016-02-11";4;0,0780815210274469
"1178";6;"2016-02-12";4;0,178382476116453
"1179";6;"2016-02-13";4;0,178382476116453
"1180";6;"2016-02-15";4;0,255118052959661
"1181";6;"2016-02-16";4;0,202524354936001
"1182";6;"2016-02-17";4;0,205326528153731
"1183";6;"2016-02-18";4;0,181797514036132
"1184";6;"2016-02-19";4;0,173575090522615
"1185";6;"2016-02-21";4;0,0780815210274469
"1186";6;"2016-02-22";4;0,173594976671796
"1187";6;"2016-02-23";4;0,258696492484233
"1188";6;"2016-02-24";4;0,186847536406059
"1189";6;"2016-02-25";4;0,215310327529434
"1190";6;"2016-02-26";4;0,17555381738717
"1191";6;"2016-02-27";4;0,205532448084788
"1192";6;"2016-02-28";4;0,197894619317528
"1193";6;"2016-02-29";4;0,207013341299768
"1194";6;"2016-03-01";4;0,207013341299768
"1195";6;"2016-03-02";4;0,207013341299768
"1196";6;"2016-03-03";4;0,197894619317528
"1197";6;"2016-03-04";4;0,188097210074938
"1198";6;"2016-03-05";4;0,191308283967763
"1199";6;"2016-03-06";4;0,200021178582452
"1200";6;"2016-03-07";4;0,222011208792782
"1201";6;"2016-03-08";4;0,193096841785603
"1202";6;"2016-03-09";4;0,193566686402066
"1203";6;"2016-03-10";4;0,188253074816185
"1204";6;"2016-03-11";4;0,19264831700944
"1205";6;"2016-03-13";4;0,221141305381508
"1206";6;"2016-03-14";4;0,266388894590901
"1207";6;"2016-03-15";4;0,211928668522861
"1208";6;"2016-03-16";4;0,202440658867716
"1209";6;"2016-03-17";4;0,202831380279224
"1210";6;"2016-03-18";4;0,188566130049604
"1211";6;"2016-03-19";4;0,221428953175663
"1212";6;"2016-03-20";4;0,269867490746054
"1213";6;"2016-03-21";4;0,202889038662968
"1214";6;"2016-03-22";4;0,273173802556103
"1215";6;"2016-03-23";4;0,195557500206286
"1216";6;"2016-03-24";4;0,204892367699557
"1217";6;"2016-03-25";4;0,196693396313008
"1218";6;"2016-03-27";4;0,224271069363334
"1219";6;"2016-03-28";4;0,186454803555184
"1220";6;"2016-03-29";4;0,171282216832829
"1221";6;"2016-03-30";4;0,193733988549461
"1222";6;"2016-03-31";4;0,202584108485212
"1223";6;"2016-04-01";4;0,182211239881901
"1224";6;"2016-04-02";4;0,174695997427461
"1225";6;"2016-04-04";4;0,208888442260653
"1226";6;"2016-04-05";4;0,170097032263555
"1227";6;"2016-04-06";4;0,184047735435064
"1228";6;"2016-04-07";4;0,16045319169761
"1229";6;"2016-04-08";4;0,160280298541061
"1230";6;"2016-04-09";4;0,254453370135664
"1231";6;"2016-04-11";4;0,170907070493103
"1232";6;"2016-04-13";4;0,184002561048154
"1233";6;"2016-04-14";4;0,164030637549848
"1234";6;"2016-04-15";4;0,182477680528787
"1235";6;"2016-04-16";4;0,256344627710349
"1236";6;"2016-04-18";4;0,186113580469859
"1237";6;"2016-04-19";4;0,188037569829641
"1238";6;"2016-04-20";4;0,193972883956006
"1239";6;"2016-04-21";4;0,194764543304224
"1240";6;"2016-04-22";4;0,221572668686762
"1241";6;"2016-04-23";4;0,234744697360229
"1242";6;"2016-04-24";4;0,214842366754166
"1243";6;"2016-04-25";4;0,216198651072532
"1244";6;"2016-04-26";4;0,246771255713894
"1245";6;"2016-04-27";4;0,237889004326461
"1246";6;"2016-04-28";4;0,237755493820424
"1247";6;"2016-04-29";4;0,233635678711071
"1248";6;"2016-04-30";4;0,293657751837891
"1249";6;"2016-05-01";4;0,408823340492434
"1250";6;"2016-05-02";4;0,250378716970155
"1251";6;"2016-05-03";4;0,250550935764065
"1252";6;"2016-05-04";4;0,256466680101071
"1253";6;"2016-05-05";4;0,295759717462838
"1254";6;"2016-05-06";4;0,313129554686311
"1255";6;"2016-05-07";4;0,408315376552362
"1256";6;"2016-05-09";4;0,263059473147519
"1257";6;"2016-05-10";4;0,242155215580462
"1258";6;"2016-05-11";4;0,233256283265797
"1259";6;"2016-05-12";4;0,233256283265797
"1260";6;"2016-05-13";4;0,242267034633129
"1261";6;"2016-05-14";4;0,241544559611348
"1262";6;"2016-05-15";4;0,361530390166562
"1263";6;"2016-05-16";4;0,308397325883766
"1264";6;"2016-05-17";4;0,240767817492781
"1265";6;"2016-05-19";4;0,225478452050962
"1266";6;"2016-05-20";4;0,205059087018411
"1267";6;"2016-05-21";4;0,3727119440759
"1268";6;"2016-05-22";4;0,225478452050962
"1269";6;"2016-05-23";4;0,207545733288514
"1270";6;"2016-05-24";4;0,230253033753529
"1271";6;"2016-05-25";4;0,225133468408609
"1272";6;"2016-05-26";4;0,224821850756632
"1273";6;"2016-05-27";4;0,247340968437914
"1274";6;"2016-05-28";4;0,327924012235224
"1275";6;"2016-05-30";4;0,379954831848214
"1276";6;"2016-05-31";4;0,261359542107963
"1277";6;"2016-06-01";4;0,305568571100537
"1278";6;"2016-06-02";4;0,286621393944372
"1279";6;"2016-06-03";4;0,28928331910353
"1280";6;"2016-06-04";4;0,305163931265297
"1281";6;"2016-06-06";4;0,288792907404808
"1282";6;"2016-06-07";4;0,288792907404808
"1283";6;"2016-06-08";4;0,265170079604872
"1284";6;"2016-06-09";4;0,313065959014134
"1285";6;"2016-06-10";4;0,289057467246976
"1286";6;"2016-06-11";4;0,306716241818185
"1287";6;"2016-06-12";4;0,289057467246976
"1288";6;"2016-06-13";4;0,285695509514633
"1289";6;"2016-06-14";4;0,265250040749791
"1290";6;"2016-06-15";4;0,295916513379433
"1291";6;"2016-06-16";4;0,315640847603584
"1292";6;"2016-06-17";4;0,298888611775329
"1293";6;"2016-06-19";4;0,298493733829092
"1294";6;"2016-06-20";4;0,300216607980909
"1295";6;"2016-06-21";4;0,368272271611806
"1296";6;"2016-06-22";4;0,317378057258745
"1297";6;"2016-06-23";4;0,307300187285637
"1298";6;"2016-06-24";4;0,41240970701431
"1299";6;"2016-06-26";4;0,307300187285637
"1300";6;"2016-06-27";4;0,307278687888559
"1301";6;"2016-06-29";4;0,323776257701871
"1302";6;"2016-06-30";4;0,26477558275491
"1303";6;"2016-07-01";4;0,469783694266487
"1304";6;"2016-07-02";4;0,29258965469251
"1305";6;"2016-07-04";4;0,330045237517686
"1306";6;"2016-07-05";4;0,25028720093884
"1307";6;"2016-07-06";4;0,287160232798116
"1308";6;"2016-07-07";4;0,287160232798116
"1309";6;"2016-07-08";4;0,327916520416446
"1310";6;"2016-07-09";4;0,355403539556659
"1311";6;"2016-07-12";4;0,309346328604957
"1312";6;"2016-07-13";4;0,257414835441272
"1313";6;"2016-07-14";4;0,296879057283879
"1314";6;"2016-07-16";4;0,34300691484098
"1315";6;"2016-07-18";4;0,489244912484858
"1316";6;"2016-07-19";4;0,296995890283612
"1317";6;"2016-07-20";4;0,426780740187484
"1318";6;"2016-07-21";4;0,271554416782218
"1319";6;"2016-07-22";4;0,300182271401533
"1320";6;"2016-07-23";4;0,300060473120616
"1321";6;"2016-07-24";4;0,489913296056587
"1322";6;"2016-07-25";4;0,242172756548468
"1323";6;"2016-07-26";4;0,290282300766012
"1324";6;"2016-07-27";4;0,487862409371442
"1325";6;"2016-07-28";4;0,487862409371442
"1326";6;"2016-07-29";4;0,237528826807952
"1327";6;"2016-07-31";4;0,446933081427455
"1328";6;"2016-08-01";4;0,303579495890185
"1329";6;"2016-08-02";4;0,278044323137435
"1330";6;"2016-08-03";4;0,284685790482323
"1331";6;"2016-08-04";4;0,447566427222264
"1332";6;"2016-08-05";4;0,241778607658277
"1333";6;"2016-08-06";4;0,447995409705473
"1334";6;"2016-08-08";4;0,304047973087534
"1335";6;"2016-08-09";4;0,241658866079072
"1336";6;"2016-08-10";4;0,262240559773358
"1337";6;"2016-08-11";4;0,283092771933058
"1338";6;"2016-08-12";4;0,282434201579812
"1339";6;"2016-08-13";4;0,278878786805208
"1340";6;"2016-08-14";4;0,284567698516828
"1341";6;"2016-08-15";4;0,284567698516828
"1342";6;"2016-08-16";4;0,482559958457905
"1343";6;"2016-08-17";4;0,419473246283445
"1344";6;"2016-08-18";4;0,279088043875752
"1345";6;"2016-08-19";4;0,3173768355686
"1346";6;"2016-08-20";4;0,486324089957442
"1347";6;"2016-08-22";4;0,486324089957442
"1348";6;"2016-08-23";4;0,330371316737569
"1349";6;"2016-08-24";4;0,330371316737569
"1350";6;"2016-08-25";4;0,227980702778833
"1351";6;"2016-08-26";4;0,257586786517155
"1352";6;"2016-08-27";4;0,290046408298846
"1353";6;"2016-08-28";4;0,228559553027815
"1354";6;"2016-08-29";4;0,257853290271307
"1355";6;"2016-08-30";4;0,257853290271307
"1356";6;"2016-08-31";4;0,279363890640502
"1357";6;"2016-09-01";4;0,280076917586007
"1358";6;"2016-09-02";4;0,228701010844313
"1359";6;"2016-09-03";4;0,258397824430033
"1360";6;"2016-09-06";4;0,228676023915477
"1361";6;"2016-09-07";4;0,489013866130051
"1362";6;"2016-09-08";4;0,258363384088118
"1363";6;"2016-09-09";4;0,488214998340873
"1364";6;"2016-09-10";4;0,330108066833286
"1365";6;"2016-09-12";4;0,330436529138698
"1366";6;"2016-09-13";4;0,228582868376456
"1367";6;"2016-09-14";4;0,263525529027334
"1368";6;"2016-09-15";4;0,331537284478234
"1369";6;"2016-09-16";4;0,489651004528517
"1370";6;"2016-09-17";4;0,489651004528517
"1371";6;"2016-09-19";4;0,264702394265163
"1372";6;"2016-09-20";4;0,421929014611701
"1373";6;"2016-09-21";4;0,322744854816571
"1374";6;"2016-09-22";4;0,489651004528517
"1375";6;"2016-09-25";4;0,489651004528517
"1376";6;"2016-09-26";4;0,26503987157424
"1377";6;"2016-09-27";4;0,265075662666789
"1378";6;"2016-09-28";4;0,323595928430899
"1379";6;"2016-09-29";4;0,324636837782313
"1380";6;"2016-09-30";4;0,491272316037418
"1381";6;"2016-10-01";4;0,491272316037418
"1382";6;"2016-10-03";4;0,368660049742773
"1383";6;"2016-10-04";4;0,243685769224548
"1384";6;"2016-10-05";4;0,334741846279188
"1385";6;"2016-10-06";4;0,318965813270505
"1386";6;"2016-10-07";4;0,357590458930481
"1387";6;"2016-10-10";4;0,447154598747128
"1388";6;"2016-10-11";4;0,308780273389077
"1389";6;"2016-10-12";4;0,308871173770976
"1390";6;"2016-10-13";4;0,285033488817989
"1391";6;"2016-10-14";4;0,309164133972325
"1392";6;"2016-10-15";4;0,530124692291103
"1393";6;"2016-10-17";4;0,364240004005275
"1394";6;"2016-10-18";4;0,296101444813446
"1395";6;"2016-10-19";4;0,459863012001158
"1396";6;"2016-10-20";4;0,402713206177644
"1397";6;"2016-10-21";4;0,245152102742864
"1398";6;"2016-10-22";4;0,219652357009736
"1399";6;"2016-10-23";4;0,248618194226796
"1400";6;"2016-10-24";4;0,249625369876914
"1401";6;"2016-10-25";4;0,286885536060664
"1402";6;"2016-10-26";4;0,256822712170021
"1403";6;"2016-10-27";4;0,257069033088601
"1404";6;"2016-10-28";4;0,257278072893133
"1405";6;"2016-10-29";4;0,311177299984082
"1406";6;"2016-10-30";4;0,289702653767563
"1407";6;"2016-10-31";4;0,260448680743267
"1408";6;"2016-11-01";4;0,349440460506204
"1409";6;"2016-11-02";4;0,275777236621874
"1410";6;"2016-11-03";4;0,334580446630969
"1411";6;"2016-11-04";4;0,299400481833653
"1412";6;"2016-11-05";4;0,275777236621874
"1413";6;"2016-11-07";4;0,275820428780489
"1414";6;"2016-11-08";4;0,243790889916598
"1415";6;"2016-11-09";4;0,273116980430536
"1416";6;"2016-11-10";4;0,297485889360237
"1417";6;"2016-11-11";4;0,284481662374111
"1418";6;"2016-11-12";4;0,514684082152328
"1419";6;"2016-11-13";4;0,390913207843926
"1420";6;"2016-11-14";4;0,284866982130107
"1421";6;"2016-11-15";4;0,28562981770434
"1422";6;"2016-11-16";4;0,256480180419408
"1423";6;"2016-11-17";4;0,256670790061038
"1424";6;"2016-11-18";4;0,206991096563258
"1425";6;"2016-11-19";4;0,47216193896133
"1426";6;"2016-11-20";4;0,285528587587706
"1427";6;"2016-11-21";4;0,544641586252006
"1428";6;"2016-11-22";4;0,232426441107172
"1429";6;"2016-11-23";4;0,207380047222135
"1430";6;"2016-11-24";4;0,232158067145865
"1431";6;"2016-11-25";4;0,545749233722063
"1432";6;"2016-11-27";4;0,336894387789826
"1433";6;"2016-11-28";4;0,253985143417356
"1434";6;"2016-11-29";4;0,254109850451885
"1435";6;"2016-11-30";4;0,385768502054078
"1436";6;"2016-12-01";4;0,233387875504129
"1437";6;"2016-12-02";4;0,233512899229643
"1438";6;"2016-12-03";4;0,233512899229643
"1439";6;"2016-12-04";4;0,472234221057135
"1440";6;"2016-12-05";4;0,472234221057135
"1441";6;"2016-12-06";4;0,286497514942085
"1442";6;"2016-12-07";4;0,207297693052349
"1443";6;"2016-12-08";4;0,207297341971834
"1444";6;"2016-12-09";4;0,254050357116269
"1445";6;"2016-12-10";4;0,472144347391152
"1446";6;"2016-12-11";4;0,282638587542468
"1447";6;"2016-12-12";4;0,233043849217532
"1448";6;"2016-12-13";4;0,207764141709287
"1449";6;"2016-12-14";4;0,207764141709287
"1450";6;"2016-12-15";4;0,308962481941553
"1451";6;"2016-12-16";4;0,207609591775947
"1452";6;"2016-12-17";4;0,232900576818681
"1453";6;"2016-12-19";4;0,224049204469433
"1454";6;"2016-12-20";4;0,224024403519392
"1455";6;"2016-12-21";4;0,206690599306965
"1456";6;"2016-12-22";4;0,207681928373738
"1457";6;"2016-12-24";4;0,457882646610185
"1458";6;"2016-12-25";4;0,457882646610185
"1459";6;"2016-12-27";4;0,47633705671843
"1460";6;"2016-12-28";4;0,224091181514275
"1461";6;"2016-12-29";4;0,207201630198182
"1462";6;"2016-12-30";4;0,224091181514275
"1463";6;"2017-01-01";4;0,457882646610185
"1464";6;"2017-01-03";4;0,209635376222971
"1465";6;"2017-01-04";4;0,189039519889278
"1466";6;"2017-01-05";4;0,352438906450985
"1467";6;"2017-01-06";4;0,226789176333514
"1468";6;"2017-01-07";4;0,512586426293349
"1469";6;"2017-01-08";4;0,30308762774619
"1470";6;"2017-01-09";4;0,204045252428216
"1471";6;"2017-01-10";4;0,222011082177328
"1472";6;"2017-01-11";4;0,248747583970417
"1473";6;"2017-01-12";4;0,220761670374379
"1474";6;"2017-01-13";4;0,218222025721355
"1475";6;"2017-01-14";4;0,325555913770676
"1476";6;"2017-01-15";4;0,335378709750143
"1477";6;"2017-01-16";4;0,482679809487305
"1478";6;"2017-01-17";4;0,212274404051077
"1479";6;"2017-01-18";4;0,48343161751857
"1480";6;"2017-01-20";4;0,319209853445527
"1481";6;"2017-01-21";4;0,258474123345557
"1482";6;"2017-01-23";4;0,212656981702172
"1483";6;"2017-01-24";4;0,238181504406522
"1484";6;"2017-01-25";4;0,212738389899416
"1485";6;"2017-01-26";4;0,258268404293954
"1486";6;"2017-01-27";4;0,0736488095479842
"1487";6;"2017-01-28";4;0,336411875789508
"1488";6;"2017-01-30";4;0,212966182036633
"1489";6;"2017-01-31";4;0,193206665373321
"1490";6;"2017-02-01";4;0,325500191606929
"1491";6;"2017-02-02";4;0,186744133335345
"1492";6;"2017-02-03";4;0,274482528201168
"1493";6;"2017-02-04";4;0,469854017336807
"1494";6;"2017-02-06";4;0,205798711368438
"1495";6;"2017-02-07";4;0,186084416437669
"1496";6;"2017-02-08";4;0,230566283343984
"1497";6;"2017-02-09";4;0,205571872009465
"1498";6;"2017-02-10";4;0,324665087545359
"1499";6;"2017-02-11";4;0,468836635484086
"1500";6;"2017-02-13";4;0,203759177267336
"1501";6;"2017-02-14";4;0,182492429297625
"1502";6;"2017-02-15";4;0,21928522276377
"1503";6;"2017-02-16";4;0,165986850886032
"1504";6;"2017-02-17";4;0,104026248633669
"1505";6;"2017-02-19";4;0,199309895607945
"1506";6;"2017-02-21";4;0,156887059633127
"1507";6;"2017-02-22";4;0,12601205955271
"1508";6;"2017-02-23";4;0,140377525439677
"1509";6;"2017-02-24";4;0,157129343645229
"1510";6;"2017-02-25";4;0,215182896989663
"1511";6;"2017-02-27";4;0,181674065103773
"1512";6;"2017-02-28";4;0,138864489823197
"1513";6;"2017-03-01";4;0,125938777793262
"1514";6;"2017-03-02";4;0,0840042341769285
"1515";6;"2017-03-03";4;0,0840285471584425
"1516";6;"2017-03-04";4;0,0997149918526157
"1517";6;"2017-03-06";4;0,054500339752891
"1518";6;"2017-03-07";4;0,0585375334528159
"1519";6;"2017-03-08";4;0,144067464907976
"1520";6;"2017-03-09";4;0,0615384474279741
"1521";6;"2017-03-10";4;0,144067464907976
"1522";6;"2017-03-11";4;0,287769830759299
"1523";6;"2017-03-12";4;0,0946907595366129
"1524";6;"2017-03-13";4;0,0714703738884436
"1525";6;"2017-03-14";4;0,0647418031643681
"1526";6;"2017-03-15";4;0,0542977569106492
"1527";6;"2017-03-16";4;0,0505628188841783
"1528";6;"2017-03-17";4;0,0675766444472333
"1529";6;"2017-03-19";4;0,0675766444472333
"1530";6;"2017-03-20";4;0,0754894312521741
"1531";6;"2017-03-21";4;0,0685596739391677
"1532";6;"2017-03-22";4;0,0662870003033655
"1533";6;"2017-03-23";4;0,0635397508512725
"1534";9;"2016-07-20";2;-0,6176172005
"1535";9;"2016-07-21";2;-0,630639227671394
"1536";9;"2016-07-22";2;-0,6176172005
"1537";9;"2016-07-24";2;-0,670208551518353
"1538";9;"2016-07-25";2;-0,6176172005
"1539";9;"2016-07-26";2;-0,607201485773909
"1540";9;"2016-07-27";2;-0,627366304627652
"1541";9;"2016-07-28";2;-0,623635190673754
"1542";9;"2016-07-29";2;-0,622859318717359
"1543";9;"2016-07-30";2;-0,693738396577993
"1544";9;"2016-07-31";2;-0,693738396577993
"1545";9;"2016-08-01";2;-0,623635190673754
"1546";9;"2016-08-02";2;-0,624314248013245
"1547";9;"2016-08-03";2;-0,638523556940548
"1548";9;"2016-08-04";2;-0,648150067947029
"1549";9;"2016-08-05";2;-0,638523556940548
"1550";9;"2016-08-06";2;-0,648150067947029
"1551";9;"2016-08-07";2;-0,713785700400941
"1552";9;"2016-08-08";2;-0,595768216240037
"1553";9;"2016-08-09";2;-0,594808820827388
"1554";9;"2016-08-10";2;-0,604539803267906
"1555";9;"2016-08-11";2;-0,58637264216661
"1556";9;"2016-08-12";2;-0,58637264216661
"1557";9;"2016-08-13";2;-0,66833917113228
"1558";9;"2016-08-14";2;-0,696192631529369
"1559";9;"2016-08-15";2;-0,594179129235422
"1560";9;"2016-08-16";2;-0,606992212271733
"1561";9;"2016-08-17";2;-0,602733589116961
"1562";9;"2016-08-18";2;-0,66833917113228
"1563";9;"2016-08-19";2;-0,617015934223336
"1564";9;"2016-08-20";2;-0,696192631529369
"1565";9;"2016-08-22";2;-0,702472669404537
"1566";9;"2016-08-23";2;-0,602733589116961
"1567";9;"2016-08-24";2;-0,61655360744678
"1568";9;"2016-08-25";2;-0,614670256608826
"1569";9;"2016-08-26";2;-0,613048538716009
"1570";9;"2016-08-27";2;-0,719756745749606
"1571";9;"2016-08-28";2;-0,629369945847185
"1572";9;"2016-08-29";2;-0,624994937510877
"1573";9;"2016-08-30";2;-0,624324448600661
"1574";9;"2016-08-31";2;-0,64331693549137
"1575";9;"2016-09-01";2;-0,64331693549137
"1576";9;"2016-09-02";2;-0,627208848871796
"1577";9;"2016-09-04";2;-0,822012255412732
"1578";9;"2016-09-05";2;-0,822012255412732
"1579";9;"2016-09-06";2;-0,620628856360203
"1580";9;"2016-09-07";2;-0,609825774224248
"1581";9;"2016-09-08";2;-0,597606932763309
"1582";9;"2016-09-09";2;-0,584860107983383
"1583";9;"2016-09-10";2;-0,730372395536119
"1584";9;"2016-09-11";2;-0,611156467977499
"1585";9;"2016-09-12";2;-0,587315916678893
"1586";9;"2016-09-13";2;-0,611156467977499
"1587";9;"2016-09-14";2;-0,605244069702857
"1588";9;"2016-09-15";2;-0,587315916678893
"1589";9;"2016-09-16";2;-0,597210453579023
"1590";9;"2016-09-17";2;-0,634890128546639
"1591";9;"2016-09-19";2;-0,634890128546639
"1592";9;"2016-09-20";2;-0,587315916678893
"1593";9;"2016-09-21";2;-0,578897193843498
"1594";9;"2016-09-22";2;-0,578897193843498
"1595";9;"2016-09-23";2;-0,829065300278033
"1596";9;"2016-09-24";2;-0,608021589219969
"1597";9;"2016-09-26";2;-0,618153536316894
"1598";9;"2016-09-27";2;-0,638146991688767
"1599";9;"2016-09-28";2;-0,638146991688767
"1600";9;"2016-09-29";2;-0,572655185766196
"1601";9;"2016-09-30";2;-0,638146991688767
"1602";9;"2016-10-01";2;-0,638146991688767
"1603";9;"2016-10-03";2;-0,599124019305883
"1604";9;"2016-10-04";2;-0,599124019305883
"1605";9;"2016-10-05";2;-0,608021589219969
"1606";9;"2016-10-06";2;-0,580019446839492
"1607";9;"2016-10-07";2;-0,597210453579023
"1608";9;"2016-10-08";2;-0,608021589219969
"1609";9;"2016-10-09";2;-0,638146991688767
"1610";9;"2016-10-10";2;-0,580019446839492
"1611";9;"2016-10-11";2;-0,588602742367355
"1612";9;"2016-10-12";2;-0,588602742367355
"1613";9;"2016-10-13";2;-0,596401629819038
"1614";9;"2016-10-14";2;-0,536742324140727
"1615";9;"2016-10-15";2;-0,552711750094081
"1616";9;"2016-10-16";2;-0,606436308980956
"1617";9;"2016-10-17";2;-0,535874886544203
"1618";9;"2016-10-18";2;-0,56120210744776
"1619";9;"2016-10-19";2;-0,560209337809432
"1620";9;"2016-10-20";2;-0,641602264456996
"1621";9;"2016-10-21";2;-0,560209337809432
"1622";9;"2016-10-22";2;-0,853854284814282
"1623";9;"2016-10-24";2;-0,65684131220407
"1624";9;"2016-10-25";2;-0,551347360694965
"1625";9;"2016-10-26";2;-0,4517713491117
"1626";9;"2016-10-27";2;-0,4517713491117
"1627";9;"2016-10-28";2;-0,4517713491117
"1628";9;"2016-10-29";2;-0,4517713491117
"1629";9;"2016-10-30";2;-0,467455073135742
"1630";9;"2016-10-31";2;-0,467455073135742
"1631";9;"2016-11-01";2;-0,447205854142202
"1632";9;"2016-11-02";2;-0,467455073135742
"1633";9;"2016-11-03";2;-0,467455073135742
"1634";9;"2016-11-04";2;-0,467455073135742
"1635";9;"2016-11-05";2;-0,540571763660843
"1636";9;"2016-11-06";2;-0,486636506070067
"1637";9;"2016-11-07";2;-0,467455073135742
"1638";9;"2016-11-08";2;-0,703889739270108
"1639";9;"2016-11-09";2;-0,703889739270108
"1640";9;"2016-11-10";2;-0,467455073135742
"1641";9;"2016-11-11";2;-0,440365617927542
"1642";9;"2016-11-12";2;-0,540571763660843
"1643";9;"2016-11-13";2;-0,540571763660843
"1644";9;"2016-11-14";2;-0,475885092616798
"1645";9;"2016-11-15";2;-0,467455073135742
"1646";9;"2016-11-16";2;-0,447205854142202
"1647";9;"2016-11-17";2;-0,467455073135742
"1648";9;"2016-11-18";2;-0,467455073135742
"1649";9;"2016-11-19";2;-0,540571763660843
"1650";9;"2016-11-20";2;-0,486636506070067
"1651";9;"2016-11-21";2;-0,447205854142202
"1652";9;"2016-11-22";2;-0,440365617927542
"1653";9;"2016-11-23";2;-0,456244601255359
"1654";9;"2016-11-24";2;-0,467455073135742
"1655";9;"2016-11-27";2;-0,46881828639816
"1656";9;"2016-11-28";2;-0,459564581103647
"1657";9;"2016-11-29";2;-0,488876493717532
"1658";9;"2016-11-30";2;-0,47973802900846
"1659";9;"2016-12-01";2;-0,452445116071412
"1660";9;"2016-12-02";2;-0,473067872621224
"1661";9;"2016-12-04";2;-0,473067872621224
"1662";9;"2016-12-05";2;-0,48161228035312
"1663";9;"2016-12-06";2;-0,461643954059379
"1664";9;"2016-12-07";2;-0,480245810032149
"1665";9;"2016-12-08";2;-0,480245810032149
"1666";9;"2016-12-09";2;-0,473067872621224
"1667";9;"2016-12-10";2;-0,480245810032149
"1668";9;"2016-12-12";2;-0,461643954059379
"1669";9;"2016-12-13";2;-0,456176334636163
"1670";9;"2016-12-14";2;-0,450909392422251
"1671";9;"2016-12-15";2;-0,450909392422251
"1672";9;"2016-12-16";2;-0,480245810032149
"1673";9;"2016-12-17";2;-0,555979418295401
"1674";9;"2016-12-20";2;-0,472712892706036
"1675";9;"2016-12-21";2;-0,547501201935575
"1676";9;"2016-12-22";2;-0,461460516013934
"1677";9;"2016-12-23";2;-0,48515330329693
"1678";9;"2016-12-26";2;-0,547501201935575
"1679";9;"2016-12-27";2;-0,701109857767664
"1680";9;"2016-12-28";2;-0,466002615876601
"1681";9;"2016-12-29";2;-0,48515330329693
"1682";9;"2016-12-30";2;-0,701109857767664
"1683";9;"2016-12-31";2;-0,458684956109766
"1684";9;"2017-01-01";2;-0,544397006169832
"1685";9;"2017-01-02";2;-0,466002615876601
"1686";9;"2017-01-03";2;-0,473098352429223
"1687";9;"2017-01-04";2;-0,463490330742896
"1688";9;"2017-01-05";2;-0,466002615876601
"1689";9;"2017-01-06";2;-0,473098352429223
"1690";9;"2017-01-07";2;-0,463490330742896
"1691";9;"2017-01-08";2;-0,701109857767664
"1692";9;"2017-01-09";2;-0,463490330742896
"1693";9;"2017-01-10";2;-0,458684956109766
"1694";9;"2017-01-11";2;-0,463490330742896
"1695";9;"2017-01-12";2;-0,463490330742896
"1696";9;"2017-01-13";2;-0,458684956109766
"1697";9;"2017-01-14";2;-0,474439938925811
"1698";9;"2017-01-15";2;-0,701109857767664
"1699";9;"2017-01-17";2;-0,544397006169832
"1700";9;"2017-01-18";2;-0,461460516013934
"1701";9;"2017-01-19";2;-0,449699529054401
"1702";9;"2017-01-20";2;-0,456724389239199
"1703";9;"2017-01-23";2;-0,336452549855324
"1704";9;"2017-01-24";2;-0,336452549855324
"1705";9;"2017-01-25";2;-0,333773653540516
"1706";9;"2017-01-26";2;-0,342053701855359
"1707";9;"2017-01-27";2;-0,510039882479354
"1708";9;"2017-01-28";2;-0,510039882479354
"1709";9;"2017-01-29";2;-0,510039882479354
"1710";9;"2017-01-31";2;-0,510039882479354
"1711";9;"2017-02-01";2;-0,396338421551108
"1712";9;"2017-02-02";2;-0,396338421551108
"1713";9;"2017-02-03";2;-0,396338421551108
"1714";9;"2017-02-05";2;-0,510039882479354
"1715";9;"2017-02-06";2;-0,325458983370901
"1716";9;"2017-02-07";2;-0,336452549855324
"1717";9;"2017-02-08";2;-0,510039882479354
"1718";9;"2017-02-09";2;-0,357045179720905
"1719";9;"2017-02-10";2;-0,396338421551108
"1720";9;"2017-02-11";2;-0,357045179720905
"1721";9;"2017-02-13";2;-0,330439967855379
"1722";9;"2017-02-14";2;-0,330439967855379
"1723";9;"2017-02-15";2;-0,3298861056552
"1724";9;"2017-02-16";2;-0,347038574466205
"1725";9;"2017-02-17";2;-0,348013081035332
"1726";9;"2017-02-18";2;-0,510039882479354
"1727";9;"2017-02-20";2;-0,355501877362265
"1728";9;"2017-02-21";2;-0,355501877362265
"1729";9;"2017-02-22";2;-0,354857287141955
"1730";9;"2017-02-23";2;-0,336465567863974
"1731";9;"2017-02-24";2;-0,342299826460612
"1732";9;"2017-02-27";2;-0,340793174490797
"1733";9;"2017-02-28";2;-0,336766108466383
"1734";9;"2017-03-01";2;-0,355258737264839
"1735";9;"2017-03-02";2;-0,336465567863974
"1736";9;"2017-03-03";2;-0,331908198980946
"1737";9;"2017-03-04";2;-0,343226106383039
"1738";9;"2017-03-05";2;-0,500462832651156
"1739";9;"2017-03-06";2;-0,3256610983558
"1740";9;"2016-07-20";3;-0,207704866610338
"1741";9;"2016-07-21";3;-0,325282472416042
"1742";9;"2016-07-22";3;-0,207704866610338
"1743";9;"2016-07-24";3;-0,268280106007102
"1744";9;"2016-07-25";3;-0,207704866610338
"1745";9;"2016-07-26";3;-0,178347427901477
"1746";9;"2016-07-27";3;-0,352648904355159
"1747";9;"2016-07-28";3;-0,37562410248146
"1748";9;"2016-07-29";3;-0,381867866340492
"1749";9;"2016-07-30";3;-0,309831741311517
"1750";9;"2016-07-31";3;-0,309831741311517
"1751";9;"2016-08-01";3;-0,381867866340492
"1752";9;"2016-08-02";3;-0,395500036122903
"1753";9;"2016-08-03";3;-0,431734758530719
"1754";9;"2016-08-04";3;-0,45170867450948
"1755";9;"2016-08-05";3;-0,431734758530719
"1756";9;"2016-08-06";3;-0,454148554201906
"1757";9;"2016-08-07";3;-0,542445061852289
"1758";9;"2016-08-08";3;-0,428507315949557
"1759";9;"2016-08-09";3;-0,42713144814109
"1760";9;"2016-08-10";3;-0,455262306192839
"1761";9;"2016-08-11";3;-0,408821278609176
"1762";9;"2016-08-12";3;-0,408821278609176
"1763";9;"2016-08-13";3;-0,473725889367247
"1764";9;"2016-08-14";3;-0,253439817721067
"1765";9;"2016-08-15";3;-0,438753985099023
"1766";9;"2016-08-16";3;-0,444249913118118
"1767";9;"2016-08-17";3;-0,438753985099023
"1768";9;"2016-08-18";3;-0,473281581777962
"1769";9;"2016-08-19";3;-0,459559005279994
"1770";9;"2016-08-20";3;-0,253439817721067
"1771";9;"2016-08-22";3;-0,301782235425015
"1772";9;"2016-08-23";3;-0,438753985099023
"1773";9;"2016-08-24";3;-0,459972032988111
"1774";9;"2016-08-25";3;-0,459035294064534
"1775";9;"2016-08-26";3;-0,458402825153739
"1776";9;"2016-08-27";3;-0,584058013596371
"1777";9;"2016-08-28";3;-0,488101181214997
"1778";9;"2016-08-29";3;-0,459083205432235
"1779";9;"2016-08-30";3;-0,459435778482758
"1780";9;"2016-08-31";3;-0,509267731806735
"1781";9;"2016-09-01";3;-0,509267731806735
"1782";9;"2016-09-02";3;-0,544028605115705
"1783";9;"2016-09-04";3;-0,556640583097044
"1784";9;"2016-09-05";3;-0,556640583097044
"1785";9;"2016-09-06";3;-0,535185008400462
"1786";9;"2016-09-07";3;-0,521931367508438
"1787";9;"2016-09-08";3;-0,507346672451177
"1788";9;"2016-09-09";3;-0,411587754087311
"1789";9;"2016-09-10";3;-0,636985732932486
"1790";9;"2016-09-11";3;-0,465650243579135
"1791";9;"2016-09-12";3;-0,418154399542554
"1792";9;"2016-09-13";3;-0,464479058258644
"1793";9;"2016-09-14";3;-0,455693309755976
"1794";9;"2016-09-15";3;-0,418154399542554
"1795";9;"2016-09-16";3;-0,444255571050611
"1796";9;"2016-09-17";3;-0,50125808188988
"1797";9;"2016-09-19";3;-0,50125808188988
"1798";9;"2016-09-20";3;-0,418154399542554
"1799";9;"2016-09-21";3;-0,397672747720266
"1800";9;"2016-09-22";3;-0,397672747720266
"1801";9;"2016-09-23";3;-0,717467833546694
"1802";9;"2016-09-24";3;-0,459783173592781
"1803";9;"2016-09-26";3;-0,495285524507741
"1804";9;"2016-09-27";3;-0,564927422707752
"1805";9;"2016-09-28";3;-0,564927422707752
"1806";9;"2016-09-29";3;-0,37924389513698
"1807";9;"2016-09-30";3;-0,564927422707752
"1808";9;"2016-10-01";3;-0,564927422707752
"1809";9;"2016-10-03";3;-0,444686925282182
"1810";9;"2016-10-04";3;-0,444059088598044
"1811";9;"2016-10-05";3;-0,458634612355057
"1812";9;"2016-10-06";3;-0,397393549054188
"1813";9;"2016-10-07";3;-0,442382673051621
"1814";9;"2016-10-08";3;-0,459783173592781
"1815";9;"2016-10-09";3;-0,564927422707752
"1816";9;"2016-10-10";3;-0,397393549054188
"1817";9;"2016-10-11";3;-0,417411787729779
"1818";9;"2016-10-12";3;-0,417411787729779
"1819";9;"2016-10-13";3;-0,442904934594596
"1820";9;"2016-10-14";3;-0,3874792520858
"1821";9;"2016-10-15";3;-0,431322176044267
"1822";9;"2016-10-16";3;-0,458685020839927
"1823";9;"2016-10-17";3;-0,387288975477622
"1824";9;"2016-10-18";3;-0,446941786927908
"1825";9;"2016-10-19";3;-0,445245960765902
"1826";9;"2016-10-20";3;-0,561566235781519
"1827";9;"2016-10-21";3;-0,445245960765902
"1828";9;"2016-10-22";3;-0,730447697898124
"1829";9;"2016-10-24";3;-0,567419259904867
"1830";9;"2016-10-25";3;-0,431722934219276
"1831";9;"2016-10-26";3;-0,256418576641076
"1832";9;"2016-10-27";3;-0,256418576641076
"1833";9;"2016-10-28";3;-0,256418576641076
"1834";9;"2016-10-29";3;-0,256418576641076
"1835";9;"2016-10-30";3;-0,265241031744555
"1836";9;"2016-10-31";3;-0,265241031744555
"1837";9;"2016-11-01";3;-0,24483278897325
"1838";9;"2016-11-02";3;-0,265241031744555
"1839";9;"2016-11-03";3;-0,265241031744555
"1840";9;"2016-11-04";3;-0,265241031744555
"1841";9;"2016-11-05";3;-0,336424935891975
"1842";9;"2016-11-06";3;-0,295999519143737
"1843";9;"2016-11-07";3;-0,265241031744555
"1844";9;"2016-11-08";3;-0,444558447897692
"1845";9;"2016-11-09";3;-0,444558447897692
"1846";9;"2016-11-10";3;-0,265241031744555
"1847";9;"2016-11-11";3;-0,234328808579023
"1848";9;"2016-11-12";3;-0,336424935891975
"1849";9;"2016-11-13";3;-0,336424935891975
"1850";9;"2016-11-14";3;-0,275669058914681
"1851";9;"2016-11-15";3;-0,265241031744555
"1852";9;"2016-11-16";3;-0,24483278897325
"1853";9;"2016-11-17";3;-0,265241031744555
"1854";9;"2016-11-18";3;-0,265241031744555
"1855";9;"2016-11-19";3;-0,336424935891975
"1856";9;"2016-11-20";3;-0,295999519143737
"1857";9;"2016-11-21";3;-0,24483278897325
"1858";9;"2016-11-22";3;-0,234328808579023
"1859";9;"2016-11-23";3;-0,26300056812492
"1860";9;"2016-11-24";3;-0,264792096076969
"1861";9;"2016-11-27";3;-0,26300056812492
"1862";9;"2016-11-28";3;-0,24483278897325
"1863";9;"2016-11-29";3;-0,275669058914681
"1864";9;"2016-11-30";3;-0,271100383418234
"1865";9;"2016-12-01";3;-0,241350253128463
"1866";9;"2016-12-02";3;-0,261627478854855
"1867";9;"2016-12-04";3;-0,261627478854855
"1868";9;"2016-12-05";3;-0,271919953404289
"1869";9;"2016-12-06";3;-0,260002479675909
"1870";9;"2016-12-07";3;-0,271272557315151
"1871";9;"2016-12-08";3;-0,271272557315151
"1872";9;"2016-12-09";3;-0,261627478854855
"1873";9;"2016-12-10";3;-0,271272557315151
"1874";9;"2016-12-12";3;-0,260002479675909
"1875";9;"2016-12-13";3;-0,247769598374142
"1876";9;"2016-12-14";3;-0,241068866545633
"1877";9;"2016-12-15";3;-0,241068866545633
"1878";9;"2016-12-16";3;-0,271445795294943
"1879";9;"2016-12-17";3;-0,365258444051566
"1880";9;"2016-12-20";3;-0,26089405386152
"1881";9;"2016-12-21";3;-0,359943822580316
"1882";9;"2016-12-22";3;-0,255352579496342
"1883";9;"2016-12-23";3;-0,287892903812807
"1884";9;"2016-12-26";3;-0,359943822580316
"1885";9;"2016-12-27";3;-0,432396157520061
"1886";9;"2016-12-28";3;-0,257793614950744
"1887";9;"2016-12-29";3;-0,287640512994832
"1888";9;"2016-12-30";3;-0,432396157520061
"1889";9;"2016-12-31";3;-0,244058684712739
"1890";9;"2017-01-01";3;-0,338280443203531
"1891";9;"2017-01-02";3;-0,257793614950744
"1892";9;"2017-01-03";3;-0,266715845142216
"1893";9;"2017-01-04";3;-0,255775925759189
"1894";9;"2017-01-05";3;-0,257793614950744
"1895";9;"2017-01-06";3;-0,266715845142216
"1896";9;"2017-01-07";3;-0,255775925759189
"1897";9;"2017-01-08";3;-0,432396157520061
"1898";9;"2017-01-09";3;-0,255775925759189
"1899";9;"2017-01-10";3;-0,244058684712739
"1900";9;"2017-01-11";3;-0,255775925759189
"1901";9;"2017-01-12";3;-0,255775925759189
"1902";9;"2017-01-13";3;-0,244058684712739
"1903";9;"2017-01-14";3;-0,268452296473172
"1904";9;"2017-01-15";3;-0,432396157520061
"1905";9;"2017-01-17";3;-0,338280443203531
"1906";9;"2017-01-18";3;-0,255352579496342
"1907";9;"2017-01-19";3;-0,232671326147061
"1908";9;"2017-01-20";3;-0,243676480534169
"1909";9;"2017-01-23";3;-0,180935552175789
"1910";9;"2017-01-24";3;-0,180935552175789
"1911";9;"2017-01-25";3;-0,179510821965208
"1912";9;"2017-01-26";3;-0,187597328253129
"1913";9;"2017-01-27";3;-0,311393533786551
"1914";9;"2017-01-28";3;-0,311393533786551
"1915";9;"2017-01-29";3;-0,311393533786551
"1916";9;"2017-01-31";3;-0,311393533786551
"1917";9;"2017-02-01";3;-0,24340108494893
"1918";9;"2017-02-02";3;-0,24340108494893
"1919";9;"2017-02-03";3;-0,24340108494893
"1920";9;"2017-02-05";3;-0,311393533786551
"1921";9;"2017-02-06";3;-0,163690315910519
"1922";9;"2017-02-07";3;-0,180935552175789
"1923";9;"2017-02-08";3;-0,311393533786551
"1924";9;"2017-02-09";3;-0,2125887612423
"1925";9;"2017-02-10";3;-0,24340108494893
"1926";9;"2017-02-11";3;-0,2125887612423
"1927";9;"2017-02-13";3;-0,171368946359097
"1928";9;"2017-02-14";3;-0,171368946359097
"1929";9;"2017-02-15";3;-0,171096040322542
"1930";9;"2017-02-16";3;-0,196785093959385
"1931";9;"2017-02-17";3;-0,196785093959385
"1932";9;"2017-02-18";3;-0,311393533786551
"1933";9;"2017-02-20";3;-0,21138203080119
"1934";9;"2017-02-21";3;-0,21138203080119
"1935";9;"2017-02-22";3;-0,210982556817458
"1936";9;"2017-02-23";3;-0,179912138003403
"1937";9;"2017-02-24";3;-0,189594940433178
"1938";9;"2017-02-27";3;-0,188527128548502
"1939";9;"2017-02-28";3;-0,179912138003403
"1940";9;"2017-03-01";3;-0,211161492078501
"1941";9;"2017-03-02";3;-0,179912138003403
"1942";9;"2017-03-03";3;-0,172052720207477
"1943";9;"2017-03-04";3;-0,189916203320122
"1944";9;"2017-03-05";3;-0,311393533786551
"1945";9;"2017-03-06";3;-0,172052720207477
"1946";9;"2016-07-20";4;-0,281618918848824
"1947";9;"2016-07-21";4;-0,320093727055631
"1948";9;"2016-07-22";4;-0,281618918848824
"1949";9;"2016-07-24";4;-0,280151145635221
"1950";9;"2016-07-25";4;-0,281618918848824
"1951";9;"2016-07-26";4;-0,253317847197577
"1952";9;"2016-07-27";4;-0,335286408949381
"1953";9;"2016-07-28";4;-0,346253199229137
"1954";9;"2016-07-29";4;-0,346253199229137
"1955";9;"2016-07-30";4;-0,492005680112793
"1956";9;"2016-07-31";4;-0,492005680112793
"1957";9;"2016-08-01";4;-0,346627976621359
"1958";9;"2016-08-02";4;-0,347774239059734
"1959";9;"2016-08-03";4;-0,374787441505426
"1960";9;"2016-08-04";4;-0,387112186643291
"1961";9;"2016-08-05";4;-0,374787441505426
"1962";9;"2016-08-06";4;-0,387580664756021
"1963";9;"2016-08-07";4;-0,473030994591901
"1964";9;"2016-08-08";4;-0,363010670119385
"1965";9;"2016-08-09";4;-0,363371932893804
"1966";9;"2016-08-10";4;-0,375199720013111
"1967";9;"2016-08-11";4;-0,345976365567386
"1968";9;"2016-08-12";4;-0,345976365567386
"1969";9;"2016-08-13";4;-0,402081278540069
"1970";9;"2016-08-14";4;-0,460004828763309
"1971";9;"2016-08-15";4;-0,36145057948303
"1972";9;"2016-08-16";4;-0,37397583808462
"1973";9;"2016-08-17";4;-0,36145057948303
"1974";9;"2016-08-18";4;-0,399880113767999
"1975";9;"2016-08-19";4;-0,386133838958638
"1976";9;"2016-08-20";4;-0,460004828763309
"1977";9;"2016-08-22";4;-0,384431471860772
"1978";9;"2016-08-23";4;-0,36145057948303
"1979";9;"2016-08-24";4;-0,38657908531692
"1980";9;"2016-08-25";4;-0,384069693954631
"1981";9;"2016-08-26";4;-0,384069693954631
"1982";9;"2016-08-27";4;-0,542683933223075
"1983";9;"2016-08-28";4;-0,442332507594718
"1984";9;"2016-08-29";4;-0,406191888427241
"1985";9;"2016-08-30";4;-0,405185724469559
"1986";9;"2016-08-31";4;-0,434766008685125
"1987";9;"2016-09-01";4;-0,434766008685125
"1988";9;"2016-09-02";4;-0,495160115804558
"1989";9;"2016-09-04";4;-0,76042267179897
"1990";9;"2016-09-05";4;-0,76042267179897
"1991";9;"2016-09-06";4;-0,486390336614679
"1992";9;"2016-09-07";4;-0,486390336614679
"1993";9;"2016-09-08";4;-0,430072057685257
"1994";9;"2016-09-09";4;-0,389534581003576
"1995";9;"2016-09-10";4;-0,55343007374205
"1996";9;"2016-09-11";4;-0,454637471318942
"1997";9;"2016-09-12";4;-0,389534581003576
"1998";9;"2016-09-13";4;-0,454637471318942
"1999";9;"2016-09-14";4;-0,454637471318942
"2000";9;"2016-09-15";4;-0,389534581003576
"2001";9;"2016-09-16";4;-0,403346517286179
"2002";9;"2016-09-17";4;-0,481168940667478
"2003";9;"2016-09-19";4;-0,481168940667478
"2004";9;"2016-09-20";4;-0,389534581003576
"2005";9;"2016-09-21";4;-0,377750224726106
"2006";9;"2016-09-22";4;-0,377750224726106
"2007";9;"2016-09-23";4;-0,868037079906742
"2008";9;"2016-09-24";4;-0,45759650462858
"2009";9;"2016-09-26";4;-0,479804507021453
"2010";9;"2016-09-27";4;-0,511339819232343
"2011";9;"2016-09-28";4;-0,511339819232343
"2012";9;"2016-09-29";4;-0,367050055822997
"2013";9;"2016-09-30";4;-0,511339819232343
"2014";9;"2016-10-01";4;-0,511339819232343
"2015";9;"2016-10-03";4;-0,405406083208673
"2016";9;"2016-10-04";4;-0,404716685549256
"2017";9;"2016-10-05";4;-0,45759650462858
"2018";9;"2016-10-06";4;-0,377750224726106
"2019";9;"2016-10-07";4;-0,401350544942158
"2020";9;"2016-10-08";4;-0,45759650462858
"2021";9;"2016-10-09";4;-0,511339819232343
"2022";9;"2016-10-10";4;-0,377750224726106
"2023";9;"2016-10-11";4;-0,388953499556985
"2024";9;"2016-10-12";4;-0,388953499556985
"2025";9;"2016-10-13";4;-0,404784172646543
"2026";9;"2016-10-14";4;-0,366429130712694
"2027";9;"2016-10-15";4;-0,392223976702165
"2028";9;"2016-10-16";4;-0,456654402066541
"2029";9;"2016-10-17";4;-0,365193766279101
"2030";9;"2016-10-18";4;-0,440621422724268
"2031";9;"2016-10-19";4;-0,440621422724268
"2032";9;"2016-10-20";4;-0,511637040552194
"2033";9;"2016-10-21";4;-0,440621422724268
"2034";9;"2016-10-22";4;-0,86827190666064
"2035";9;"2016-10-24";4;-0,511637040552194
"2036";9;"2016-10-25";4;-0,390927054962869
"2037";9;"2016-10-26";4;-0,263489024616759
"2038";9;"2016-10-27";4;-0,263489024616759
"2039";9;"2016-10-28";4;-0,263489024616759
"2040";9;"2016-10-29";4;-0,263489024616759
"2041";9;"2016-10-30";4;-0,266021238401905
"2042";9;"2016-10-31";4;-0,266021238401905
"2043";9;"2016-11-01";4;-0,255636719290728
"2044";9;"2016-11-02";4;-0,266021238401905
"2045";9;"2016-11-03";4;-0,266021238401905
"2046";9;"2016-11-04";4;-0,266021238401905
"2047";9;"2016-11-05";4;-0,348162956265352
"2048";9;"2016-11-06";4;-0,313683515179893
"2049";9;"2016-11-07";4;-0,266021238401905
"2050";9;"2016-11-08";4;-0,59084876563835
"2051";9;"2016-11-09";4;-0,59084876563835
"2052";9;"2016-11-10";4;-0,266021238401905
"2053";9;"2016-11-11";4;-0,248510039734778
"2054";9;"2016-11-12";4;-0,348162956265352
"2055";9;"2016-11-13";4;-0,348162956265352
"2056";9;"2016-11-14";4;-0,2998376680546
"2057";9;"2016-11-15";4;-0,266021238401905
"2058";9;"2016-11-16";4;-0,255636719290728
"2059";9;"2016-11-17";4;-0,266021238401905
"2060";9;"2016-11-18";4;-0,266021238401905
"2061";9;"2016-11-19";4;-0,348162956265352
"2062";9;"2016-11-20";4;-0,313683515179893
"2063";9;"2016-11-21";4;-0,255636719290728
"2064";9;"2016-11-22";4;-0,248510039734778
"2065";9;"2016-11-23";4;-0,263489024616759
"2066";9;"2016-11-24";4;-0,26559685905489
"2067";9;"2016-11-27";4;-0,263489024616759
"2068";9;"2016-11-28";4;-0,255636719290728
"2069";9;"2016-11-29";4;-0,2998376680546
"2070";9;"2016-11-30";4;-0,2998376680546
"2071";9;"2016-12-01";4;-0,255636719290728
"2072";9;"2016-12-02";4;-0,266021238401905
"2073";9;"2016-12-04";4;-0,266021238401905
"2074";9;"2016-12-05";4;-0,2998376680546
"2075";9;"2016-12-06";4;-0,263489024616759
"2076";9;"2016-12-07";4;-0,2998376680546
"2077";9;"2016-12-08";4;-0,2998376680546
"2078";9;"2016-12-09";4;-0,266021238401905
"2079";9;"2016-12-10";4;-0,2998376680546
"2080";9;"2016-12-12";4;-0,263489024616759
"2081";9;"2016-12-13";4;-0,255636719290728
"2082";9;"2016-12-14";4;-0,255636719290728
"2083";9;"2016-12-15";4;-0,255636719290728
"2084";9;"2016-12-16";4;-0,298921294237775
"2085";9;"2016-12-17";4;-0,363101103138518
"2086";9;"2016-12-20";4;-0,26559685905489
"2087";9;"2016-12-21";4;-0,363101103138518
"2088";9;"2016-12-22";4;-0,263489024616759
"2089";9;"2016-12-23";4;-0,315615437218511
"2090";9;"2016-12-26";4;-0,363101103138518
"2091";9;"2016-12-27";4;-0,59084876563835
"2092";9;"2016-12-28";4;-0,266021238401905
"2093";9;"2016-12-29";4;-0,313683515179893
"2094";9;"2016-12-30";4;-0,59084876563835
"2095";9;"2016-12-31";4;-0,255636719290728
"2096";9;"2017-01-01";4;-0,348162956265352
"2097";9;"2017-01-02";4;-0,266021238401905
"2098";9;"2017-01-03";4;-0,298921294237775
"2099";9;"2017-01-04";4;-0,263489024616759
"2100";9;"2017-01-05";4;-0,266021238401905
"2101";9;"2017-01-06";4;-0,298921294237775
"2102";9;"2017-01-07";4;-0,263489024616759
"2103";9;"2017-01-08";4;-0,59084876563835
"2104";9;"2017-01-09";4;-0,263489024616759
"2105";9;"2017-01-10";4;-0,255636719290728
"2106";9;"2017-01-11";4;-0,263489024616759
"2107";9;"2017-01-12";4;-0,263489024616759
"2108";9;"2017-01-13";4;-0,255636719290728
"2109";9;"2017-01-14";4;-0,2998376680546
"2110";9;"2017-01-15";4;-0,59084876563835
"2111";9;"2017-01-17";4;-0,348162956265352
"2112";9;"2017-01-18";4;-0,263489024616759
"2113";9;"2017-01-19";4;-0,248510039734778
"2114";9;"2017-01-20";4;-0,255636719290728
"2115";9;"2017-01-23";4;-0,207273230441677
"2116";9;"2017-01-24";4;-0,207273230441677
"2117";9;"2017-01-25";4;-0,205300229584418
"2118";9;"2017-01-26";4;-0,232907653075669
"2119";9;"2017-01-27";4;-0,460365995933434
"2120";9;"2017-01-28";4;-0,460365995933434
"2121";9;"2017-01-29";4;-0,460365995933434
"2122";9;"2017-01-31";4;-0,460365995933434
"2123";9;"2017-02-01";4;-0,271274809104593
"2124";9;"2017-02-02";4;-0,271274809104593
"2125";9;"2017-02-03";4;-0,271274809104593
"2126";9;"2017-02-05";4;-0,460365995933434
"2127";9;"2017-02-06";4;-0,193629196835767
"2128";9;"2017-02-07";4;-0,207273230441677
"2129";9;"2017-02-08";4;-0,460365995933434
"2130";9;"2017-02-09";4;-0,244409791933259
"2131";9;"2017-02-10";4;-0,271274809104593
"2132";9;"2017-02-11";4;-0,244409791933259
"2133";9;"2017-02-13";4;-0,199182023755747
"2134";9;"2017-02-14";4;-0,199182023755747
"2135";9;"2017-02-15";4;-0,199182023755747
"2136";9;"2017-02-16";4;-0,231556218775732
"2137";9;"2017-02-17";4;-0,231556218775732
"2138";9;"2017-02-18";4;-0,460365995933434
"2139";9;"2017-02-20";4;-0,245238208471671
"2140";9;"2017-02-21";4;-0,245238208471671
"2141";9;"2017-02-22";4;-0,245238208471671
"2142";9;"2017-02-23";4;-0,199182023755747
"2143";9;"2017-02-24";4;-0,206942570834509
"2144";9;"2017-02-27";4;-0,205300229584418
"2145";9;"2017-02-28";4;-0,199461732066001
"2146";9;"2017-03-01";4;-0,245238208471671
"2147";9;"2017-03-02";4;-0,199182023755747
"2148";9;"2017-03-03";4;-0,193629196835767
"2149";9;"2017-03-04";4;-0,207273230441677
"2150";9;"2017-03-05";4;-0,460365995933434
"2151";9;"2017-03-06";4;-0,193629196835767
